aX,aY,aZ,gX,gY,gZ
0.687,-0.680,0.317,1.648,-0.916,-13.489
0.686,-0.679,0.318,0.671,-1.160,-12.695
0.685,-0.694,0.304,0.305,-0.488,-12.573
0.685,-0.708,0.302,2.625,-1.221,-12.207
0.683,-0.708,0.318,2.686,-2.625,-11.292
0.686,-0.703,0.324,2.563,-3.052,-10.376
0.684,-0.697,0.313,1.648,-2.502,-9.644
0.686,-0.692,0.304,1.282,-2.869,-9.094
0.682,-0.686,0.311,0.671,-4.333,-9.033
0.682,-0.693,0.333,0.671,-5.676,-9.277
0.683,-0.705,0.341,1.587,-5.981,-9.644
0.682,-0.717,0.333,0.916,-5.066,-9.521
0.685,-0.731,0.318,-0.061,-4.456,-9.155
0.684,-0.741,0.313,0.732,-5.493,-8.057
0.684,-0.741,0.323,2.014,-6.958,-6.409
0.684,-0.737,0.333,2.258,-7.874,-4.822
0.685,-0.736,0.328,2.136,-8.301,-4.028
0.686,-0.751,0.319,1.465,-8.484,-3.418
0.685,-0.775,0.303,2.502,-9.216,-2.930
0.684,-0.796,0.304,4.944,-11.230,-0.916
0.683,-0.807,0.324,6.470,-14.160,1.953
0.684,-0.810,0.334,8.179,-16.235,5.371
0.686,-0.807,0.325,12.390,-17.212,9.277
0.687,-0.813,0.311,17.334,-18.738,13.062
0.687,-0.820,0.300,23.865,-20.874,16.479
0.692,-0.835,0.274,35.156,-24.414,20.508
0.808,-0.859,0.231,42.297,-28.503,24.414
0.651,-0.964,0.148,50.049,-32.043,25.940
0.783,-0.962,0.156,55.481,-41.748,29.541
0.641,-1.105,0.225,55.542,-52.002,32.104
0.596,-1.121,0.236,75.928,-58.167,44.373
0.560,-1.059,0.240,79.224,-65.430,62.927
0.523,-0.940,0.355,89.966,-76.599,73.914
0.494,-0.857,0.261,128.662,-89.600,83.923
0.439,-0.650,0.431,101.135,-96.313,83.069
0.362,-0.452,0.622,60.547,-101.929,82.336
0.279,-0.224,0.965,58.777,-98.511,73.425
0.196,0.099,1.596,11.841,-76.599,60.364
0.118,0.674,2.285,-32.288,-25.085,46.387
-0.205,1.591,3.094,-26.855,51.819,37.231
-0.687,2.617,3.988,42.725,147.095,15.686
-1.542,2.875,4.000,123.108,280.640,-54.260
-3.204,2.075,4.000,148.315,489.990,-184.326
-4.000,1.711,4.000,141.541,733.521,-281.555
-4.000,2.004,3.210,124.634,956.238,-354.187
-4.000,1.899,0.637,95.581,1076.538,-472.168
-4.000,0.965,-0.903,82.764,1063.843,-629.944
-4.000,-0.221,-1.619,79.102,978.088,-750.244
-4.000,-1.401,-1.801,-6.775,880.005,-797.729
-4.000,-2.233,-2.214,-73.486,812.134,-784.302
-4.000,-2.810,-2.649,-108.398,752.014,-735.413
-3.702,-3.484,-2.870,-166.077,674.072,-681.824
-3.180,-4.000,-3.337,-169.189,604.858,-611.450
-2.611,-4.000,-3.887,-214.172,523.865,-508.057
-1.900,-4.000,-3.990,-203.735,380.127,-371.155
-1.459,-3.686,-3.063,-54.749,190.125,-184.692
-1.307,-1.863,-1.489,84.045,32.959,-25.024
-1.127,-0.747,-0.308,115.723,-29.846,30.884
-1.008,-0.285,-0.043,67.139,-15.015,20.264
-0.925,-0.405,-0.422,17.151,17.761,-12.268
-0.844,-0.927,-0.779,-18.616,21.301,-42.725
-0.790,-1.304,-0.885,-26.733,-2.319,-46.143
-0.748,-1.406,-0.821,-15.442,-31.311,-27.588
-0.719,-1.404,-0.735,-3.479,-52.856,-5.676
-0.730,-1.411,-0.604,3.052,-66.345,9.644
-0.734,-1.325,-0.424,18.799,-73.669,24.963
-0.710,-1.132,-0.265,37.476,-73.792,41.077
-0.728,-0.942,-0.161,41.016,-65.369,51.941
-0.687,-0.772,-0.099,36.865,-53.650,54.504
-0.671,-0.662,-0.160,27.832,-38.879,50.720
-0.657,-0.740,-0.260,11.963,-26.917,36.438
-0.638,-0.955,-0.374,-2.625,-20.569,20.203
-0.626,-1.172,-0.503,-15.991,-17.578,12.695
-0.632,-1.324,-0.620,-23.315,-19.287,16.052
-0.707,-1.372,-0.647,-17.090,-26.978,27.466
-0.699,-1.310,-0.568,-0.671,-38.513,41.077
-0.695,-1.150,-0.513,12.634,-44.250,55.725
-0.672,-0.991,-0.471,13.672,-44.678,64.697
-0.633,-0.873,-0.431,13.428,-44.617,66.467
-0.592,-0.813,-0.410,12.695,-45.044,63.477
-0.562,-0.799,-0.387,9.460,-46.692,56.580
-0.541,-0.841,-0.362,7.019,-48.523,47.424
-0.527,-0.949,-0.332,4.639,-49.683,38.147
-0.523,-1.062,-0.306,3.418,-48.767,32.959
-0.509,-1.124,-0.287,3.601,-46.082,34.790
-0.505,-1.104,-0.264,2.930,-41.931,41.748
-0.493,-1.003,-0.262,3.784,-36.987,51.025
-0.432,-0.846,-0.276,0.671,-31.250,56.396
-0.469,-0.793,-0.281,-13.794,-24.841,52.917
-0.402,-0.696,-0.334,-13.184,-22.156,50.720
-0.385,-0.680,-0.397,-9.033,-23.437,43.823
-0.385,-0.732,-0.399,-11.780,-28.198,31.677
-0.381,-0.799,-0.334,-10.071,-36.316,22.400
-0.377,-0.845,-0.243,-9.399,-41.138,16.113
-0.411,-0.914,-0.167,-13.245,-40.405,12.756
-0.390,-0.885,-0.107,-4.211,-38.025,16.663
-0.392,-0.848,-0.087,0.610,-31.921,18.799
-0.391,-0.801,-0.085,-2.563,-24.048,18.433
-0.386,-0.768,-0.106,-4.517,-16.785,15.747
-0.387,-0.763,-0.140,-6.470,-11.047,11.108
-0.390,-0.780,-0.173,-6.958,-7.568,5.615
-0.392,-0.811,-0.197,-5.737,-6.348,0.488
-0.392,-0.849,-0.210,-3.845,-6.287,-3.296
-0.396,-0.887,-0.220,-3.662,-6.042,-5.310
-0.400,-0.922,-0.234,-3.113,-5.737,-6.165
-0.409,-0.941,-0.238,-1.709,-5.859,-5.432
-0.406,-0.934,-0.226,-0.610,-6.653,-3.845
-0.411,-0.911,-0.213,-1.099,-6.348,-2.380
-0.409,-0.895,-0.203,-2.747,-5.737,-1.831
-0.403,-0.893,-0.199,-3.723,-4.639,-1.953
-0.404,-0.895,-0.195,-4.517,-3.784,-2.747
-0.403,-0.871,-0.184,-6.897,-2.869,-3.906
-0.408,-0.914,-0.186,-7.996,-2.136,-6.287
-0.405,-0.906,-0.184,-4.333,-2.258,-4.700
-0.408,-0.931,-0.181,-3.052,-2.014,-5.127
-0.407,-0.952,-0.180,-2.625,-1.343,-5.493
-0.404,-0.954,-0.188,-2.136,-0.183,-3.967
-0.406,-0.942,-0.208,-2.686,2.014,-2.441
-0.405,-0.922,-0.229,-2.686,3.906,-0.916
-0.437,-1.672,0.080,-39.001,0.427,154.236
-0.409,-1.680,0.031,-25.452,2.197,166.870
-0.418,-1.645,0.003,-34.241,3.845,180.237
-0.398,-1.596,-0.002,-37.476,3.906,195.984
-0.380,-1.496,0.029,-29.724,0.793,213.623
-0.355,-1.397,0.072,-27.588,0.000,228.455
-0.327,-1.316,0.067,-18.188,2.380,238.281
-0.299,-1.227,0.039,-5.493,4.333,246.216
-0.263,-1.131,0.018,4.639,3.662,252.563
-0.215,-1.037,0.002,15.259,0.305,257.019
-0.166,-0.943,0.011,17.151,-4.639,258.911
-0.059,-0.853,0.041,11.108,-10.193,257.263
-0.087,-0.808,0.102,7.446,-13.306,253.296
-0.020,-0.726,0.099,10.986,-13.367,248.718
0.039,-0.681,0.128,-4.028,-17.029,241.699
0.129,-0.724,0.156,-30.945,-18.005,228.149
0.169,-0.828,0.170,-55.786,-16.418,214.722
0.201,-0.873,0.189,-63.171,-15.076,210.999
0.244,-0.841,0.150,-63.477,-13.306,213.989
0.280,-0.812,0.058,-72.449,-9.338,215.637
0.314,-0.794,-0.057,-79.712,-8.179,215.698
0.333,-0.756,-0.136,-65.491,-15.686,217.346
0.322,-0.694,-0.126,-35.889,-32.715,219.116
0.333,-0.653,-0.016,-24.048,-53.528,220.093
0.393,-0.564,0.131,-39.124,-68.054,220.215
0.412,-0.466,0.167,-42.236,-71.167,218.079
0.458,-0.416,0.141,-50.415,-71.106,210.205
0.485,-0.456,0.080,-75.073,-71.716,197.449
0.492,-0.557,0.037,-92.834,-77.087,182.861
0.474,-0.594,0.010,-86.975,-85.815,176.697
0.451,-0.572,0.026,-64.148,-97.168,178.711
0.404,-0.528,0.095,-40.955,-111.145,181.274
0.338,-0.437,0.235,-29.236,-123.169,180.420
0.278,-0.366,0.383,-15.137,-129.822,173.340
0.113,-0.355,0.304,9.277,-129.700,162.842
0.102,-0.192,0.566,22.583,-141.296,160.461
-0.055,0.089,0.880,58.044,-149.475,160.400
-0.266,0.475,1.239,116.699,-144.104,153.320
-0.559,1.024,2.004,128.723,-128.418,135.315
-0.785,1.956,3.098,89.661,-85.693,107.483
-1.558,3.395,4.000,64.575,-1.770,63.660
-2.839,4.000,4.000,46.936,119.019,-37.720
-4.000,4.000,4.000,-76.599,326.782,-224.426
-4.000,4.000,4.000,-139.343,651.733,-439.697
-4.000,3.648,4.000,-143.066,957.520,-678.101
-4.000,2.140,2.782,-104.492,1107.910,-889.587
-4.000,1.021,0.927,-11.658,1101.868,-1010.254
-4.000,0.406,-0.315,138.855,1043.274,-1040.527
-4.000,-0.311,-1.311,217.590,984.802,-1030.518
-4.000,-1.296,-2.339,167.542,928.345,-1012.756
-4.000,-3.046,-2.367,25.452,828.186,-1012.573
-4.000,-4.000,-1.689,-25.452,711.670,-945.923
-4.000,-4.000,-2.661,26.001,706.787,-725.769
-4.000,-2.866,-4.000,40.161,735.229,-443.420
-4.000,-1.435,-4.000,39.001,640.747,-292.908
-3.225,-1.582,-4.000,57.678,419.495,-281.860
-2.653,-1.790,-3.937,78.735,180.542,-270.813
-2.281,-1.412,-2.119,88.074,29.175,-214.539
-2.028,-1.281,-0.775,73.547,-22.522,-177.185
-1.836,-1.747,-0.140,27.527,-13.550,-171.997
-1.647,-2.195,-0.318,-24.231,28.503,-153.931
-1.431,-2.147,-0.957,-49.133,63.538,-106.506
-1.302,-1.842,-1.391,-57.678,61.096,-58.960
-1.218,-1.640,-1.295,-51.453,22.339,-31.067
-1.195,-1.513,-0.873,-40.894,-19.287,-15.259
-1.176,-1.265,-0.446,-28.992,-42.358,0.427
-1.156,-1.002,-0.211,-21.606,-45.044,13.123
-1.147,-0.928,-0.172,-23.499,-36.316,12.939
-1.145,-1.042,-0.308,-30.029,-24.963,5.371
-1.154,-1.264,-0.510,-31.738,-18.494,1.160
-1.144,-1.467,-0.632,-17.395,-23.926,7.629
-1.112,-1.611,-0.651,3.906,-37.720,24.109
-1.125,-1.635,-0.591,22.705,-52.856,47.668
-1.062,-1.514,-0.549,41.199,-64.026,75.623
-1.075,-1.224,-0.515,63.599,-72.266,103.455
-1.023,-0.856,-0.355,72.449,-81.604,121.826
-0.953,-0.510,-0.246,74.646,-85.022,126.770
-0.877,-0.322,-0.213,69.763,-83.984,115.112
-0.826,-0.340,-0.222,57.373,-81.848,91.003
-0.790,-0.573,-0.251,46.570,-81.238,64.148
-0.771,-0.879,-0.316,43.457,-81.360,46.021
-0.759,-1.108,-0.391,49.805,-84.473,43.518
-0.817,-1.272,-0.385,58.350,-91.187,51.758
-0.836,-1.332,-0.281,67.627,-98.450,67.566
-0.914,-1.248,-0.255,76.660,-98.145,89.844
-0.848,-1.089,-0.297,79.224,-94.238,110.535
-0.867,-0.961,-0.375,77.698,-92.896,122.253
-0.862,-0.882,-0.422,64.636,-95.337,125.000
-0.870,-0.891,-0.530,57.312,-99.182,122.314
-0.880,-0.988,-0.667,51.880,-106.567,118.469
-0.901,-1.215,-0.732,49.866,-121.948,114.014
-0.919,-1.529,-0.732,45.654,-140.869,115.356
-0.964,-1.779,-0.719,43.884,-157.349,128.235
-1.016,-1.881,-0.572,55.969,-172.058,152.344
-0.992,-1.989,-0.521,96.375,-183.044,182.617
-1.169,-1.900,-0.470,80.322,-184.448,219.543
-1.090,-1.612,-0.392,65.491,-183.472,259.338
-1.013,-1.354,-0.409,92.041,-184.875,288.086
-0.960,-1.224,-0.535,83.496,-178.467,296.875
-0.901,-1.209,-0.653,63.354,-176.453,297.119
-0.843,-1.296,-0.725,47.852,-180.786,295.593
-0.804,-1.428,-0.734,34.302,-187.500,298.157
-0.699,-1.525,-0.688,39.673,-196.594,309.509
-0.875,-1.593,-0.472,45.105,-207.092,329.407
-0.800,-1.417,-0.106,58.594,-216.125,360.718
-0.708,-1.091,0.204,61.340,-207.275,390.625
-0.560,-0.712,0.270,30.273,-175.110,409.668
-0.356,-0.411,0.029,-6.714,-133.484,413.147
-0.190,-0.310,-0.404,-47.485,-98.145,399.841
-0.102,-0.374,-0.812,-76.538,-80.750,379.639
-0.055,-0.476,-0.939,-74.585,-93.140,365.356
-0.006,-0.449,-0.758,-51.758,-122.864,365.356
0.047,-0.299,-0.457,-26.672,-147.034,371.582
0.115,-0.132,-0.239,-8.667,-154.236,372.925
0.181,0.032,-0.104,-9.827,-147.888,367.981
0.250,0.124,0.073,-17.212,-139.282,357.605
0.336,0.269,0.239,-27.405,-128.723,348.694
0.434,0.420,0.275,-33.813,-107.727,338.135
0.521,0.489,0.174,-44.678,-79.834,319.519
-0.417,-1.405,-0.834,-135.010,-44.067,145.325
-0.444,-1.522,-0.795,-139.832,-70.801,148.560
-0.466,-1.681,-0.478,-141.602,-99.365,157.227
-0.450,-1.960,0.059,-113.708,-120.850,169.800
-0.420,-2.250,0.405,-57.861,-118.469,189.819
-0.444,-2.360,0.399,-36.011,-89.722,225.159
-0.499,-2.189,0.266,-44.189,-61.890,274.292
-0.544,-1.818,0.163,-39.001,-50.293,324.158
-0.590,-1.502,0.118,-15.503,-50.659,356.873
-0.599,-1.199,0.087,-1.038,-54.443,375.305
-0.605,-0.884,0.038,3.967,-57.007,388.000
-0.495,-0.616,-0.037,2.563,-59.265,390.442
-0.408,-0.429,-0.118,-21.423,-61.523,380.127
-0.314,-0.390,-0.200,-57.190,-65.491,358.215
-0.206,-0.367,-0.184,-84.595,-74.463,340.515
-0.150,-0.385,-0.068,-88.318,-87.036,323.242
-0.169,-0.398,0.148,-80.994,-100.220,310.120
-0.084,-0.403,0.390,-75.256,-104.248,301.575
-0.025,-0.347,0.474,-82.092,-90.942,297.424
-0.000,-0.266,0.306,-73.486,-70.618,295.471
0.068,-0.043,0.164,-74.524,-60.547,293.213
0.145,0.173,0.011,-65.308,-62.439,283.936
0.163,0.255,0.021,-49.927,-78.430,260.864
0.261,0.235,0.188,-35.400,-102.356,230.225
0.293,0.208,0.354,-20.203,-116.943,202.820
0.331,0.157,0.435,-3.601,-117.676,178.772
0.354,0.065,0.530,8.301,-116.333,155.884
0.369,-0.064,0.668,18.494,-116.943,133.911
0.378,-0.244,0.748,23.010,-110.779,115.173
0.385,-0.384,0.712,14.160,-94.177,102.539
0.387,-0.434,0.597,13.733,-77.698,99.670
0.388,-0.437,0.502,28.015,-70.129,101.563
0.362,-0.383,0.470,42.969,-71.289,104.675
0.283,-0.253,0.514,49.988,-76.416,104.980
0.209,-0.074,0.666,50.476,-80.994,99.731
0.131,0.109,0.866,44.189,-79.041,86.731
-0.052,0.241,1.067,33.020,-67.505,65.247
-0.336,0.417,1.497,4.456,-48.340,38.086
-0.702,0.744,2.134,-29.419,-14.465,11.230
-1.245,1.518,3.027,-31.738,39.001,-6.226
-2.126,2.811,4.000,11.597,118.042,-20.508
-3.380,4.000,4.000,39.429,247.498,-77.148
-4.000,4.000,4.000,-29.602,468.262,-214.966
-4.000,4.000,4.000,-99.365,743.896,-465.271
-4.000,3.814,3.895,-117.310,958.435,-779.846
-4.000,2.274,1.738,-53.711,1038.940,-995.605
-4.000,1.295,0.172,84.045,1018.677,-1082.214
-4.000,0.534,-1.097,198.425,979.980,-1116.272
-4.000,-0.415,-2.253,173.279,933.167,-1125.122
-4.000,-1.886,-3.470,76.355,875.000,-1137.390
-4.000,-3.702,-3.389,-63.477,749.939,-1130.737
-4.000,-4.000,-2.881,-62.073,594.543,-1021.973
-4.000,-4.000,-3.527,20.813,533.752,-761.597
-4.000,-2.939,-4.000,94.299,480.652,-451.965
-3.813,-1.418,-4.000,116.150,354.126,-293.701
-3.373,-1.771,-3.748,84.412,209.778,-293.457
-2.960,-2.439,-2.818,52.429,100.769,-293.213
-2.611,-2.504,-2.041,39.368,32.349,-232.056
-2.271,-2.242,-1.409,34.973,-5.005,-158.752
-2.026,-2.084,-1.035,8.118,-20.386,-106.567
-1.682,-2.029,-0.986,-17.090,-23.071,-70.068
-1.589,-1.885,-1.154,-18.127,-26.978,-38.513
-1.509,-1.785,-0.990,-0.122,-51.575,-15.137
-1.437,-1.731,-0.661,19.592,-80.505,3.174
-1.405,-1.689,-0.447,38.086,-90.820,21.179
-1.364,-1.637,-0.413,47.241,-84.961,38.025
-1.347,-1.595,-0.550,46.204,-73.120,54.565
-1.336,-1.607,-0.675,46.753,-66.345,70.313
-1.326,-1.557,-0.703,52.307,-65.491,89.600
-1.280,-1.357,-0.773,69.763,-66.101,114.319
-1.234,-1.216,-0.873,85.510,-68.787,131.958
-1.177,-1.212,-0.826,93.506,-83.984,137.573
-1.130,-1.285,-0.764,95.825,-100.769,140.381
-1.086,-1.405,-0.743,89.966,-111.938,144.653
-1.122,-1.574,-0.676,90.454,-121.704,152.283
-1.123,-1.663,-0.555,91.370,-131.470,168.945
-1.161,-1.584,-0.510,88.745,-133.972,194.214
-1.192,-1.458,-0.495,100.830,-134.949,217.102
-1.195,-1.331,-0.445,119.019,-141.479,233.093
-1.154,-1.255,-0.347,124.695,-150.696,242.126
-1.081,-1.309,-0.298,120.972,-156.006,244.690
-1.006,-1.482,-0.368,110.779,-154.785,244.507
-0.958,-1.742,-0.505,104.065,-153.870,248.413
-0.948,-1.995,-0.588,100.098,-160.339,262.695
-0.994,-2.102,-0.565,101.685,-172.180,291.931
-1.106,-2.027,-0.376,115.601,-186.279,332.825
-1.155,-1.696,-0.094,130.188,-193.787,378.906
-1.168,-1.240,0.125,127.258,-183.289,419.434
-1.083,-0.793,0.199,103.088,-156.677,443.420
-0.941,-0.399,0.099,64.270,-121.155,448.547
-0.764,-0.136,-0.119,31.494,-89.050,434.753
-0.563,-0.015,-0.417,9.705,-68.665,408.447
-0.413,-0.060,-0.729,-3.845,-62.073,375.427
-0.344,-0.218,-0.891,-16.602,-70.129,343.628
-0.263,-0.341,-0.880,-37.842,-87.036,324.280
-0.200,-0.390,-0.799,-61.157,-99.060,318.054
-0.147,-0.504,-0.722,-73.425,-102.844,315.674
-0.158,-0.471,-0.541,-79.346,-102.051,323.792
-0.055,-0.323,-0.416,-72.449,-94.116,331.482
0.002,-0.305,-0.512,-71.594,-75.317,321.716
0.035,-0.192,-0.649,-94.849,-56.091,316.956
0.116,-0.055,-0.857,-93.567,-43.945,317.261
0.182,0.086,-0.960,-74.890,-45.593,309.204
0.252,0.240,-0.897,-49.805,-61.035,297.546
0.328,0.349,-0.710,-31.250,-79.407,279.602
0.398,0.314,-0.591,-22.644,-85.876,253.052
0.454,0.056,-0.536,-26.306,-82.336,221.619
0.478,-0.341,-0.491,-34.668,-80.933,194.946
0.421,-0.441,-0.365,-32.593,-80.933,198.364
0.389,-0.442,-0.141,-32.593,-78.430,213.074
0.403,-0.390,-0.040,-26.672,-65.918,223.755
0.397,-0.117,-0.149,-35.828,-41.931,240.662
0.375,0.321,-0.336,-50.903,-22.461,253.906
0.492,0.739,-0.476,-62.317,-17.273,252.075
0.522,0.844,-0.496,-59.204,-23.254,223.206
0.534,0.703,-0.329,-60.486,-36.011,180.176
0.509,0.538,-0.102,-51.392,-43.152,148.437
0.453,0.583,0.064,-35.950,-37.964,136.414
0.342,0.897,0.119,-31.799,-19.653,135.132
-0.631,-1.616,0.424,-55.237,30.579,291.199
-0.753,-1.432,0.356,-22.156,28.076,314.270
-0.693,-1.282,0.373,-10.254,23.254,329.712
-0.669,-1.154,0.329,-5.432,23.437,339.233
-0.613,-1.005,0.257,8.423,22.888,346.741
-0.539,-0.836,0.234,8.972,16.174,350.281
-0.467,-0.724,0.345,7.996,4.150,347.900
-0.315,-0.692,0.413,26.306,-6.287,341.797
-0.219,-0.618,0.404,17.578,-7.080,330.261
-0.138,-0.611,0.295,-11.108,-1.038,311.768
-0.053,-0.658,0.199,-55.847,2.991,290.588
0.005,-0.693,0.126,-93.628,2.930,273.254
0.038,-0.664,0.076,-105.469,-0.122,263.611
0.073,-0.559,0.072,-91.492,-8.484,259.705
0.106,-0.400,0.097,-62.988,-21.301,256.104
0.158,-0.219,0.169,-37.598,-34.241,248.291
0.203,-0.050,0.202,-13.367,-45.105,233.948
0.280,0.067,0.287,-11.108,-53.284,211.304
0.329,0.116,0.356,-22.583,-56.274,183.655
0.347,0.136,0.463,-25.635,-57.373,155.029
0.370,0.110,0.541,-28.015,-54.321,128.174
0.405,0.058,0.533,-46.814,-41.382,101.929
0.427,-0.079,0.440,-59.937,-26.001,75.867
0.434,-0.297,0.351,-66.467,-16.724,53.101
0.427,-0.522,0.286,-63.171,-12.573,38.940
0.404,-0.715,0.293,-39.673,-14.465,35.583
0.370,-0.832,0.374,-3.418,-20.386,43.640
0.352,-0.840,0.452,36.560,-23.743,59.814
0.332,-0.790,0.456,72.083,-22.339,76.538
0.288,-0.721,0.385,102.966,-19.775,91.003
0.272,-0.637,0.337,128.113,-24.170,102.539
0.233,-0.557,0.389,141.113,-35.889,109.009
0.208,-0.503,0.501,137.939,-48.279,110.229
0.139,-0.473,0.647,92.346,-53.345,104.614
0.019,-0.457,0.756,27.649,-48.096,95.215
-0.128,-0.425,0.848,-16.235,-39.124,88.196
-0.313,-0.342,0.938,-36.377,-30.640,85.144
-0.619,-0.124,1.250,-47.668,-25.635,83.923
-0.892,0.343,1.925,-43.213,-19.409,83.252
-1.277,1.135,2.944,-45.471,7.568,89.294
-1.725,2.405,3.998,-70.923,78.613,98.083
-2.663,3.999,4.000,-61.829,190.247,99.670
-3.765,4.000,4.000,-32.776,354.675,23.437
-4.000,4.000,4.000,-185.730,585.266,-221.130
-4.000,4.000,3.584,-329.285,793.213,-615.234
-4.000,3.222,2.062,-327.271,861.877,-971.619
-4.000,1.764,0.754,-209.412,827.637,-1150.208
-4.000,0.981,-0.690,18.799,784.546,-1195.740
-4.000,0.076,-1.828,174.133,750.061,-1209.106
-4.000,-1.150,-2.586,118.774,698.730,-1229.248
-4.000,-3.138,-2.187,-14.771,576.355,-1273.743
-4.000,-4.000,-1.075,-82.336,446.228,-1262.573
-4.000,-4.000,-0.970,-105.835,423.950,-1091.858
-4.000,-4.000,-2.323,-78.064,479.614,-778.259
-4.000,-4.000,-3.999,10.376,483.887,-460.449
-3.422,-3.715,-4.000,70.435,355.164,-259.766
-2.843,-3.078,-3.634,98.328,139.587,-170.349
-2.434,-2.653,-1.746,91.064,-30.518,-115.845
-2.034,-1.963,-0.508,81.421,-86.121,-49.194
-1.679,-1.324,-0.080,61.951,-66.772,-4.822
-1.468,-1.195,-0.057,30.518,-33.936,-7.507
-1.218,-1.592,-0.146,3.906,-14.221,-31.555
-1.065,-1.880,-0.371,-6.470,-4.211,-32.715
-0.925,-1.814,-0.523,10.803,-8.240,-7.812
-0.846,-1.683,-0.440,35.034,-27.405,17.151
-0.811,-1.599,-0.216,51.147,-46.448,31.311
-0.783,-1.487,-0.089,66.956,-52.063,43.823
-0.794,-1.272,-0.102,78.674,-47.485,57.617
-0.794,-1.062,-0.250,86.487,-40.588,67.444
-0.796,-1.018,-0.411,91.125,-39.612,65.063
-0.818,-1.144,-0.551,91.370,-45.410,57.007
-0.872,-1.378,-0.615,95.581,-58.350,53.833
-0.909,-1.587,-0.638,105.408,-76.538,62.134
-0.968,-1.777,-0.702,116.272,-94.421,79.163
-1.033,-1.954,-0.678,125.000,-115.601,99.854
-1.084,-2.099,-0.579,135.986,-137.695,125.122
-1.217,-2.173,-0.383,144.897,-154.724,156.982
-1.220,-2.068,-0.151,156.006,-162.720,196.472
-1.208,-1.824,-0.078,170.532,-159.180,237.793
-1.178,-1.626,-0.109,173.950,-151.367,264.038
-1.130,-1.596,-0.163,167.480,-148.193,274.780
-1.101,-1.708,-0.219,159.485,-149.109,278.870
-1.094,-1.862,-0.319,150.513,-151.062,286.621
-1.112,-1.946,-0.431,141.724,-153.870,303.833
-1.132,-2.006,-0.507,138.611,-161.255,327.393
-1.235,-2.018,-0.466,143.982,-175.781,356.445
-1.277,-1.905,-0.306,159.912,-193.542,392.456
-1.305,-1.586,-0.181,168.213,-203.369,433.472
-1.306,-1.254,-0.121,156.433,-203.125,463.806
-1.242,-1.100,-0.062,129.517,-196.899,473.999
-1.153,-1.085,-0.154,94.849,-179.993,476.196
-1.095,-1.028,-0.368,60.425,-155.518,484.680
-1.073,-0.884,-0.561,59.509,-142.273,499.451
-1.039,-0.603,-0.636,74.768,-147.400,517.883
-0.943,-0.231,-0.544,79.834,-162.109,531.433
-0.780,0.147,-0.401,80.811,-174.744,531.433
-0.600,0.494,-0.304,84.656,-177.979,518.250
-0.358,0.801,-0.218,80.994,-174.927,493.042
-0.153,0.980,-0.159,66.711,-166.382,452.820
0.059,0.995,-0.113,39.551,-151.367,394.592
0.225,0.973,-0.055,6.287,-132.751,338.623
0.384,0.750,-0.145,-12.817,-109.070,281.006
0.491,0.486,-0.354,-24.414,-83.435,237.488
0.535,0.364,-0.442,-63.904,-71.472,215.942
0.601,0.355,-0.439,-70.496,-71.167,205.750
0.618,0.358,-0.427,-47.302,-71.411,197.205
0.646,0.396,-0.403,-30.212,-70.374,186.340
0.656,0.497,-0.363,-18.188,-68.237,176.270
0.690,0.612,-0.329,3.174,-65.186,163.452
0.731,0.695,-0.312,21.057,-61.401,144.775
0.762,0.667,-0.328,20.996,-55.176,117.737
0.770,0.464,-0.330,11.536,-49.683,85.693
0.791,0.272,-0.299,2.197,-48.279,62.805
0.797,0.230,-0.267,-1.099,-48.218,56.702
0.807,0.273,-0.255,-8.484,-46.509,56.458
0.814,0.284,-0.254,-24.231,-43.274,51.575
0.809,0.251,-0.227,-45.715,-40.222,43.152
0.855,0.238,-0.195,-52.002,-38.269,37.231
0.801,0.284,-0.180,-47.913,-35.095,34.546
-0.734,-0.475,0.071,-40.894,6.958,413.879
-0.580,-0.362,-0.115,-59.937,15.320,392.517
-0.454,-0.312,-0.286,-75.867,16.724,369.690
-0.318,-0.268,-0.397,-85.815,7.874,349.182
-0.201,-0.259,-0.439,-95.764,-7.874,329.468
-0.122,-0.316,-0.377,-106.201,-30.029,308.411
-0.053,-0.378,-0.161,-109.802,-55.603,291.748
0.007,-0.371,0.094,-105.896,-74.890,284.485
0.061,-0.321,0.227,-101.074,-78.064,279.297
0.139,-0.204,0.241,-102.112,-71.350,272.034
0.087,-0.070,0.233,-99.182,-67.078,262.512
0.149,0.083,0.284,-85.388,-71.106,251.953
0.248,0.217,0.351,-66.467,-75.134,234.314
0.335,0.236,0.395,-65.308,-76.843,204.712
0.347,0.129,0.393,-76.599,-74.280,170.471
0.389,-0.019,0.429,-86.914,-72.083,140.808
0.410,-0.153,0.502,-87.341,-71.167,122.375
0.413,-0.264,0.559,-74.097,-68.359,114.624
0.429,-0.378,0.593,-62.500,-61.646,109.497
0.424,-0.469,0.596,-62.378,-52.917,106.140
0.398,-0.486,0.551,-52.002,-44.617,106.812
0.406,-0.496,0.458,-5.798,-41.931,109.680
0.438,-0.459,0.436,40.039,-46.875,114.197
0.466,-0.391,0.447,80.383,-55.969,115.845
0.470,-0.290,0.517,139.954,-68.054,113.403
0.441,-0.282,0.529,226.990,-81.055,106.384
0.464,-0.305,0.647,269.714,-90.759,90.454
0.468,-0.380,0.710,262.451,-90.332,71.472
0.406,-0.552,0.725,245.605,-83.862,49.561
0.387,-0.703,0.802,188.538,-77.393,32.959
0.344,-0.792,0.797,105.469,-62.988,23.926
0.304,-0.713,0.803,5.920,-41.992,22.583
0.216,-0.670,0.743,-39.246,-25.635,20.813
0.091,-0.714,0.845,-79.651,-17.395,10.010
-0.055,-0.775,1.004,-124.878,-7.080,-2.380
-0.269,-0.691,1.089,-141.785,15.259,-5.920
-0.453,-0.526,1.191,-136.536,45.471,-7.202
-0.760,-0.255,1.587,-103.516,70.313,-6.836
-1.136,0.216,2.320,-32.532,100.159,-6.165
-1.612,0.856,3.375,42.725,157.898,-7.446
-2.407,1.571,4.000,132.996,255.066,-14.832
-3.722,2.239,4.000,191.895,407.776,-47.485
-4.000,2.706,4.000,112.305,640.808,-112.244
-4.000,2.956,4.000,-189.575,922.302,-251.770
-4.000,2.348,3.802,-325.989,1148.987,-468.628
-4.000,1.681,1.758,-242.249,1237.793,-652.649
-4.000,1.465,0.271,-72.083,1205.566,-747.681
-4.000,1.273,-0.779,62.866,1140.137,-795.776
-4.000,0.675,-2.070,94.421,1095.093,-844.788
-4.000,-0.546,-2.793,-45.898,1025.818,-922.791
-4.000,-2.685,-2.574,-212.402,892.456,-1028.076
-4.000,-4.000,-2.658,-265.625,791.260,-1032.837
-4.000,-4.000,-3.595,-244.629,747.986,-871.704
-4.000,-4.000,-4.000,-169.067,680.664,-617.676
-3.958,-3.362,-4.000,-8.484,517.822,-358.154
-3.142,-1.437,-4.000,110.901,278.809,-178.589
-2.644,-0.583,-2.875,146.484,70.679,-133.667
-2.254,-0.630,-1.276,117.493,-22.583,-161.682
-1.934,-1.043,-0.672,69.458,-10.864,-189.941
-1.653,-1.411,-0.783,39.246,30.090,-189.331
-1.371,-1.491,-0.981,22.827,47.546,-164.917
-1.313,-1.383,-1.094,22.217,40.405,-136.902
-1.247,-1.408,-1.017,16.174,19.836,-121.704
-1.291,-1.672,-0.873,18.005,1.404,-118.286
-1.342,-1.934,-0.630,19.958,-12.207,-106.750
-1.363,-1.814,-0.442,21.362,-15.381,-75.134
-1.366,-1.453,-0.413,25.818,-8.423,-38.269
-1.373,-1.180,-0.509,30.823,-0.183,-16.846
-1.389,-1.000,-0.638,31.372,2.625,-7.507
-1.381,-0.841,-0.722,30.334,-1.892,-0.916
-1.349,-0.759,-0.766,33.081,-12.146,3.235
-1.313,-0.800,-0.758,35.217,-25.513,2.930
-1.262,-0.835,-0.729,36.255,-37.964,4.150
-1.206,-0.762,-0.717,40.283,-49.744,11.353
-1.165,-0.750,-0.629,50.720,-63.599,15.747
-1.121,-0.844,-0.434,58.228,-77.820,14.221
-1.099,-0.980,-0.273,61.890,-85.083,15.198
-1.086,-1.154,-0.178,66.589,-85.876,20.203
-1.076,-1.255,-0.214,69.336,-81.238,32.898
-1.087,-1.254,-0.397,73.059,-75.256,52.551
-1.119,-1.230,-0.579,80.078,-76.233,71.411
-1.153,-1.183,-0.740,84.534,-85.938,87.646
-1.209,-1.158,-0.863,88.196,-102.417,100.403
-1.253,-1.152,-0.896,104.187,-128.601,110.107
-1.305,-1.168,-0.786,122.620,-160.889,118.408
-1.368,-1.298,-0.513,141.418,-193.176,122.314
-1.405,-1.451,-0.183,166.077,-215.881,129.883
-1.368,-1.507,0.055,173.279,-220.154,147.827
-1.322,-1.438,-0.035,151.733,-202.209,171.326
-1.245,-1.445,-0.408,125.732,-179.504,190.552
-1.236,-1.586,-0.843,106.140,-171.692,203.247
-1.252,-1.749,-1.200,92.346,-182.800,219.543
-1.345,-1.893,-1.407,92.957,-209.900,242.493
-1.481,-2.022,-1.289,109.985,-249.268,270.264
-1.628,-2.008,-0.942,159.058,-290.161,309.753
-1.653,-1.665,-0.538,187.012,-316.101,361.511
-1.610,-1.285,-0.267,180.908,-321.411,403.442
-1.505,-1.071,-0.141,151.611,-313.293,421.509
-1.443,-0.961,-0.035,104.065,-300.598,428.833
-1.361,-0.974,0.014,64.941,-283.997,433.838
-1.309,-0.911,-0.163,37.659,-255.859,445.862
-1.252,-0.718,-0.524,12.024,-224.182,467.102
-1.173,-0.385,-0.822,7.385,-207.581,487.915
-1.079,0.011,-0.986,30.090,-211.487,497.864
-0.904,0.375,-0.963,46.204,-229.980,492.310
-0.766,0.664,-0.804,53.711,-247.742,469.971
-0.509,0.819,-0.571,68.420,-258.850,435.852
-0.283,0.778,-0.286,68.115,-261.780,392.273
-0.140,0.595,0.002,47.058,-249.390,347.839
0.010,0.525,0.208,31.128,-225.037,318.542
0.167,0.265,0.234,7.141,-184.753,293.091
0.260,0.136,-0.224,-7.568,-130.249,276.672
0.344,0.394,-0.731,-34.790,-96.924,286.865
0.377,0.865,-0.848,-44.067,-104.797,296.448
0.489,1.161,-0.669,-17.273,-132.812,276.917
0.543,1.107,-0.397,-0.366,-148.804,233.337
0.568,0.658,-0.171,-2.258,-144.165,178.589
0.577,0.447,-0.021,-2.075,-126.404,154.846
0.615,0.657,-0.045,13.489,-102.783,164.490
-0.799,-1.068,-0.689,-89.294,-3.845,269.104
-0.745,-0.975,-0.624,-89.966,-20.264,266.357
-0.740,-1.016,-0.399,-41.016,-48.401,260.315
-0.662,-1.196,-0.125,25.635,-77.087,253.479
-0.629,-1.283,0.011,44.495,-82.642,255.981
-0.631,-1.231,0.105,21.851,-75.073,268.677
-0.598,-1.115,0.198,2.686,-66.956,282.410
-0.556,-0.995,0.310,-13.306,-58.472,290.710
-0.517,-0.868,0.377,-34.424,-42.725,294.678
-0.458,-0.725,0.363,-56.519,-20.874,295.227
-0.368,-0.563,0.247,-79.102,2.625,291.016
-0.272,-0.451,0.083,-98.999,21.851,279.846
-0.173,-0.408,-0.052,-115.540,31.067,262.390
-0.103,-0.403,-0.120,-121.948,30.151,244.141
-0.010,-0.475,-0.099,-114.624,20.630,227.539
0.062,-0.608,-0.020,-113.708,10.681,212.952
0.049,-0.789,0.030,-109.131,5.554,203.674
0.095,-0.896,0.004,-99.976,3.784,204.529
0.086,-0.930,-0.031,-89.783,1.404,213.989
0.095,-0.827,0.013,-91.919,-4.456,228.882
0.116,-0.637,0.068,-86.487,-12.268,243.896
0.147,-0.399,0.105,-82.153,-17.700,252.380
0.205,-0.198,0.115,-86.060,-19.897,250.488
0.284,-0.113,0.127,-97.046,-21.606,237.366
0.332,-0.107,0.142,-115.662,-23.743,216.370
0.362,-0.143,0.197,-133.667,-26.123,194.458
0.378,-0.216,0.185,-129.028,-26.917,176.636
0.386,-0.366,0.189,-122.192,-28.931,162.720
0.365,-0.519,0.241,-118.347,-33.936,153.687
0.325,-0.583,0.308,-91.797,-40.955,157.959
0.320,-0.521,0.378,-50.293,-49.255,174.255
0.314,-0.430,0.421,-15.930,-56.458,188.599
0.302,-0.318,0.407,-4.333,-61.035,194.214
0.289,-0.151,0.361,-0.671,-64.392,195.068
0.271,0.031,0.328,26.001,-72.205,190.857
0.198,0.207,0.451,78.003,-90.759,177.917
0.048,0.350,0.805,147.034,-116.882,156.494
-0.055,0.492,1.397,196.899,-131.409,127.869
-0.282,0.628,2.062,204.041,-114.624,92.041
-0.415,0.917,2.917,160.156,-62.134,53.406
-0.654,1.422,3.845,112.854,29.846,19.470
-1.300,1.941,4.000,120.422,165.344,-24.353
-2.260,2.272,4.000,106.140,332.886,-101.990
-3.361,2.196,4.000,17.578,527.893,-212.158
-4.000,1.892,4.000,-100.342,737.732,-339.294
-4.000,1.829,3.180,-256.775,905.334,-474.426
-4.000,1.841,1.951,-350.647,982.788,-619.934
-4.000,1.600,0.713,-319.153,977.783,-773.437
-4.000,1.258,-0.462,-220.642,918.396,-898.499
-4.000,0.652,-1.582,-173.767,834.351,-984.863
-4.000,-0.469,-2.156,-185.852,710.449,-1065.308
-4.000,-2.183,-1.302,-273.865,531.067,-1137.207
-4.000,-3.990,-0.414,-247.070,396.423,-1146.118
-4.000,-4.000,-0.387,-191.772,379.028,-1036.255
-3.976,-4.000,-1.205,-169.495,409.729,-813.171
-3.123,-4.000,-2.216,-147.888,399.841,-551.575
-2.420,-3.626,-2.566,-43.640,305.481,-319.275
-1.951,-1.900,-1.918,58.411,171.875,-167.175
-1.714,-0.841,-1.135,82.825,76.538,-117.798
-1.611,-0.591,-0.649,44.189,39.856,-139.648
-1.532,-0.924,-0.640,8.728,36.804,-175.903
-1.496,-1.412,-0.735,-21.301,32.043,-188.477
-1.395,-1.722,-0.695,-27.832,13.489,-171.021
-1.335,-1.719,-0.569,-11.719,-7.629,-133.728
-1.209,-1.550,-0.430,11.169,-24.658,-96.252
-1.177,-1.382,-0.223,34.729,-36.438,-71.716
-1.148,-1.140,-0.015,48.096,-39.368,-55.237
-1.129,-0.846,-0.019,49.377,-28.687,-45.044
-1.149,-0.765,-0.222,40.039,-13.000,-50.659
-1.195,-0.980,-0.420,29.846,-8.484,-66.589
-1.249,-1.230,-0.541,27.100,-16.541,-73.425
-1.284,-1.368,-0.605,33.447,-31.067,-63.538
-1.317,-1.474,-0.560,46.082,-50.598,-47.241
-1.320,-1.626,-0.375,61.768,-73.120,-29.175
-1.352,-1.776,-0.069,84.595,-91.675,-7.874
-1.359,-1.807,0.183,108.276,-97.717,22.339
-1.372,-1.717,0.212,116.028,-86.609,56.702
-1.364,-1.588,0.081,118.713,-70.374,87.341
-1.353,-1.437,-0.022,129.639,-62.073,111.267
-1.334,-1.262,-0.084,138.000,-61.584,131.226
-1.301,-1.086,-0.183,128.662,-61.218,144.592
-1.298,-1.071,-0.300,111.328,-62.073,147.705
-1.281,-1.240,-0.370,98.389,-69.946,145.386
-1.296,-1.514,-0.473,89.417,-80.200,148.071
-1.335,-1.827,-0.558,90.027,-94.849,160.583
-1.433,-2.120,-0.614,97.168,-114.990,184.631
-1.581,-2.389,-0.549,99.487,-136.658,216.553
-1.737,-2.524,-0.294,112.976,-157.593,259.033
-1.838,-2.310,0.081,151.733,-169.678,318.848
-1.825,-1.792,0.344,187.317,-164.185,381.836
-1.721,-1.264,0.302,168.884,-135.559,426.697
-1.593,-1.042,-0.009,129.761,-103.088,439.880
-1.486,-1.071,-0.363,85.022,-85.571,434.387
-1.481,-1.260,-0.647,48.157,-85.205,429.260
-1.515,-1.466,-0.853,44.861,-98.267,434.814
-1.572,-1.510,-0.957,54.871,-116.882,456.970
-1.600,-1.358,-0.871,75.256,-143.616,488.464
-1.623,-1.114,-0.524,101.868,-173.828,514.893
-1.563,-0.825,-0.160,124.084,-194.214,534.363
-1.419,-0.441,-0.005,116.943,-187.012,547.913
-1.199,0.022,-0.029,99.854,-164.795,550.720
-0.901,0.569,-0.163,105.225,-146.484,544.861
-0.497,1.100,-0.410,83.801,-131.226,520.996
-0.256,1.074,-0.529,51.086,-121.094,450.806
-0.031,0.731,-0.549,52.551,-125.671,363.098
0.089,0.251,-0.418,46.326,-138.062,304.687
0.147,-0.060,-0.301,58.716,-144.226,273.987
0.218,-0.102,-0.195,57.678,-144.104,271.973
0.290,0.034,-0.143,34.607,-137.695,277.649
0.352,0.218,-0.166,-2.563,-122.803,274.658
0.422,0.416,-0.286,1.038,-108.337,264.832
0.553,0.552,-0.342,22.949,-103.638,248.718
0.601,0.588,-0.307,25.085,-105.591,223.572
0.616,0.503,-0.178,29.724,-107.666,193.726
0.664,0.450,-0.075,34.485,-105.103,169.739
0.707,0.409,-0.108,36.072,-92.590,151.917
0.740,0.289,-0.168,24.536,-80.017,131.470
0.752,0.219,-0.176,18.921,-75.012,117.493
0.757,0.311,-0.114,23.987,-74.402,115.234
-1.232,-2.158,-0.285,-112.000,-3.174,66.956
-1.227,-2.081,-0.297,-117.554,-2.869,104.553
-1.192,-1.884,-0.404,-129.944,-0.305,141.174
-1.135,-1.776,-0.477,-156.921,-0.305,166.138
-1.109,-1.802,-0.477,-187.378,-4.944,182.007
-1.082,-1.865,-0.485,-204.041,-12.146,199.646
-1.048,-1.875,-0.407,-213.989,-19.531,221.985
-1.082,-1.854,-0.307,-205.505,-26.978,246.460
-1.022,-1.787,-0.016,-184.265,-37.048,273.193
-1.050,-1.798,0.239,-123.108,-44.128,296.265
-1.044,-1.791,0.363,-73.853,-38.452,317.505
-1.085,-1.739,0.382,-63.904,-22.949,339.844
-1.123,-1.644,0.380,-64.819,-7.141,362.305
-1.133,-1.472,0.296,-61.646,7.751,384.766
-1.136,-1.225,0.170,-53.589,21.301,404.175
-1.077,-0.969,0.019,-43.945,28.076,416.687
-0.973,-0.776,-0.098,-43.762,29.785,419.800
-0.864,-0.585,-0.118,-59.570,24.414,416.138
-0.731,-0.449,-0.138,-67.444,15.930,410.217
-0.601,-0.306,-0.058,-77.454,6.165,397.217
-0.522,-0.358,0.016,-98.145,-0.549,373.230
-0.437,-0.587,0.043,-114.136,-1.648,347.778
-0.432,-0.777,0.050,-152.527,4.700,334.595
-0.415,-0.812,-0.012,-166.016,10.132,342.224
-0.401,-0.618,-0.086,-142.273,7.141,364.929
-0.364,-0.281,-0.130,-100.525,-6.531,387.024
-0.287,0.083,-0.034,-63.904,-30.212,397.217
-0.179,0.409,0.122,-41.504,-54.993,391.174
-0.123,0.594,0.304,-10.498,-77.393,365.295
-0.106,0.547,0.573,0.854,-96.130,318.970
-0.027,0.402,0.843,-14.648,-101.257,271.118
0.005,0.234,0.928,-31.921,-85.388,236.816
0.021,0.152,0.826,-42.053,-59.937,215.698
0.030,0.194,0.660,-46.936,-40.771,205.200
-0.024,0.254,0.505,-20.630,-37.537,194.275
-0.145,0.318,0.637,15.137,-54.993,176.270
-0.283,0.444,1.081,40.344,-78.186,155.457
-0.388,0.656,1.678,47.302,-82.642,133.240
-0.599,0.937,2.416,42.786,-59.448,104.492
-0.742,1.431,3.348,61.829,-8.179,74.341
-0.979,2.112,4.000,113.892,83.496,45.837
-1.536,2.873,4.000,137.939,220.825,-1.831
-2.548,3.595,4.000,102.356,384.583,-90.088
-3.770,3.951,4.000,-20.630,560.425,-232.117
-4.000,4.000,4.000,-179.443,723.938,-417.603
-4.000,4.000,3.658,-296.509,850.037,-609.314
-4.000,3.970,2.096,-315.735,917.847,-824.402
-4.000,3.029,0.673,-231.506,894.287,-1038.452
-4.000,2.092,-0.699,-80.505,835.754,-1171.875
-4.000,0.682,-1.690,17.090,773.804,-1259.216
-4.000,-0.834,-1.521,-82.581,661.072,-1317.627
-4.000,-2.790,-0.724,-109.802,510.071,-1333.191
-4.000,-4.000,-0.452,-40.466,451.355,-1266.785
-4.000,-4.000,-0.671,-52.368,472.534,-1075.256
-4.000,-4.000,-1.595,-62.317,496.582,-789.490
-3.962,-3.749,-2.581,-43.274,463.379,-494.141
-3.213,-1.735,-2.968,25.940,355.347,-285.034
-2.770,-0.444,-2.602,60.852,210.815,-208.679
-2.547,-0.261,-1.870,63.904,89.111,-234.497
-2.415,-0.872,-1.181,43.518,15.381,-283.020
-2.196,-1.486,-0.730,25.696,-17.151,-289.307
-2.038,-1.718,-0.437,18.494,-27.954,-250.793
-1.882,-1.698,-0.184,31.372,-30.884,-199.524
-1.665,-1.515,-0.047,33.386,-21.973,-153.687
-1.580,-1.162,-0.212,32.959,-2.197,-116.455
-1.493,-0.860,-0.402,38.452,8.362,-97.351
-1.502,-0.650,-0.531,39.978,5.249,-93.689
-1.563,-0.684,-0.626,38.574,-2.502,-101.929
-1.643,-0.932,-0.653,30.273,-13.123,-113.586
-1.739,-1.164,-0.654,21.973,-24.658,-112.122
-1.832,-1.295,-0.628,19.836,-36.438,-95.703
-0.648,-0.937,0.227,35.889,-53.101,-70.313
-0.965,-0.544,-2.035,387.329,-93.018,-68.726
-1.101,-0.115,-0.353,159.790,-92.163,-132.385
-2.023,-4.000,0.794,-128.174,-93.933,-63.843
-1.618,-1.144,-0.110,-5.310,-64.026,229.187
-1.667,1.020,-0.373,139.282,-72.083,351.135
-1.590,0.422,-0.021,159.485,-112.366,192.993
-1.589,-1.443,0.015,70.129,-104.309,26.611
-1.640,-2.396,-0.482,34.485,-70.374,17.822
-1.670,-1.991,-0.654,48.584,-74.158,115.601
-1.676,-1.043,-0.358,96.924,-113.342,207.642
-1.641,-0.506,0.066,117.798,-141.907,234.985
-1.583,-0.480,0.225,105.957,-139.343,216.431
-1.522,-0.812,0.069,85.632,-118.408,189.209
-1.504,-1.187,-0.266,68.970,-100.830,179.687
-1.524,-1.479,-0.606,69.336,-99.670,190.918
-1.573,-1.726,-0.824,77.087,-117.004,213.013
-1.664,-1.911,-0.958,86.670,-142.639,240.295
-1.820,-2.117,-0.998,95.276,-174.622,270.325
-2.014,-2.442,-0.781,98.938,-213.867,301.208
-2.201,-2.647,-0.265,115.417,-251.465,350.281
-2.266,-2.380,0.290,132.141,-269.287,429.260
-2.250,-1.761,0.622,134.766,-257.507,512.939
-2.169,-1.156,0.711,119.080,-229.187,569.519
-2.114,-0.806,0.625,74.951,-190.491,592.224
-2.021,-0.668,0.235,40.283,-143.982,595.093
-1.967,-0.561,-0.430,10.315,-97.717,598.633
-1.944,-0.436,-1.024,-10.071,-74.890,606.934
-1.884,-0.183,-1.260,15.869,-94.971,617.981
-1.716,0.184,-1.147,77.515,-148.437,625.488
-1.507,0.467,-0.846,114.929,-202.576,613.647
-1.236,0.551,-0.596,120.056,-234.558,579.895
-1.124,0.410,-0.276,106.750,-249.939,531.738
-0.977,0.035,0.207,110.291,-260.498,486.755
-0.757,0.091,0.456,135.498,-248.108,477.539
-0.540,0.550,0.323,107.971,-207.092,492.737
-0.360,1.019,0.065,42.847,-161.926,489.197
-0.064,1.391,-0.151,3.784,-131.409,462.036
0.148,1.551,-0.247,-0.488,-117.920,413.025
0.333,1.549,-0.167,8.728,-118.347,354.614
0.448,1.465,-0.047,19.714,-116.150,300.415
0.547,1.341,0.026,37.476,-108.643,250.427
0.583,1.293,0.043,46.997,-96.252,213.745
0.594,1.267,0.023,49.011,-80.383,183.960
0.591,1.337,-0.054,42.847,-62.317,158.081
0.555,1.585,-0.112,36.804,-43.884,134.399
0.491,1.965,-0.148,50.598,-25.574,106.140
0.401,2.322,-0.182,67.078,-3.418,60.547
-0.411,-1.248,-0.288,-77.026,-0.916,155.090
-0.386,-1.301,-0.265,-82.581,-1.953,162.476
-0.364,-1.404,-0.290,-94.666,0.305,170.654
-0.357,-1.506,-0.347,-109.558,3.174,182.251
-0.372,-1.599,-0.374,-121.948,1.343,197.083
-0.393,-1.525,-0.329,-123.718,-5.737,220.581
-0.411,-1.320,-0.275,-106.995,-14.465,245.728
-0.406,-1.105,-0.223,-86.243,-21.851,262.207
-0.346,-0.942,-0.151,-78.735,-26.794,270.020
-0.289,-0.830,-0.128,-71.899,-29.236,272.827
-0.229,-0.811,-0.062,-72.021,-32.532,270.752
-0.188,-0.904,0.050,-83.008,-35.522,265.198
-0.170,-1.004,0.124,-101.257,-30.762,262.878
-0.183,-1.027,0.108,-118.347,-18.066,266.663
-0.200,-0.866,0.084,-109.497,-6.653,278.259
-0.180,-0.849,-0.079,-74.036,-2.625,283.813
-0.161,-0.786,0.007,-136.047,-5.798,269.348
-0.176,-0.658,0.079,-98.755,-20.386,264.099
-0.049,-0.591,0.356,-71.289,-33.936,267.029
0.006,-0.497,0.428,-88.501,-25.879,260.498
0.057,-0.588,0.377,-117.493,-4.150,245.117
0.194,-0.697,0.265,-160.400,14.709,234.863
0.251,-0.671,0.076,-158.691,24.963,235.779
0.259,-0.597,0.011,-145.508,20.569,239.197
0.309,-0.463,0.109,-141.174,6.592,238.525
0.325,-0.282,0.209,-125.671,-2.502,230.103
0.347,-0.242,0.396,-111.084,-8.179,210.999
0.422,-0.339,0.590,-106.689,-7.446,185.608
0.367,-0.412,0.604,-101.929,4.883,166.809
0.344,-0.417,0.599,-99.670,17.578,158.936
0.398,-0.345,0.624,-95.398,24.414,156.738
0.402,-0.170,0.642,-93.872,28.809,151.123
0.357,0.035,0.725,-98.328,31.311,134.216
0.285,0.123,0.992,-108.276,32.166,104.675
0.176,0.228,1.300,-128.967,41.321,72.205
0.017,0.453,1.454,-145.813,68.176,41.687
-0.088,0.715,1.673,-153.687,99.121,6.348
-0.269,1.058,1.883,-138.977,129.944,-38.330
-0.463,1.523,2.007,-114.807,169.983,-93.628
-0.757,2.034,2.330,-98.694,213.501,-160.461
-1.195,2.917,2.680,-100.891,263.977,-239.319
-1.634,4.000,2.506,-95.886,332.397,-335.815
-2.304,4.000,1.995,-61.340,390.564,-476.929
-3.199,4.000,1.657,-1.709,411.377,-646.484
-3.976,3.690,1.287,69.885,408.264,-788.696
-4.000,2.705,0.200,111.084,415.894,-881.409
-4.000,1.563,-0.531,103.088,395.386,-936.646
-4.000,0.186,0.318,58.167,325.562,-966.797
-4.000,-0.943,1.125,26.489,280.457,-958.618
-4.000,-1.740,0.949,7.568,309.082,-911.865
-4.000,-2.438,-0.004,-16.479,358.154,-850.403
-4.000,-3.085,-0.861,-21.240,368.042,-776.489
-4.000,-3.542,-1.905,-15.869,356.567,-687.988
-3.586,-3.551,-2.627,6.287,307.312,-575.989
-3.031,-3.152,-2.572,40.100,220.093,-457.581
-2.645,-2.293,-2.056,61.646,132.324,-351.501
-2.367,-1.431,-1.400,61.279,72.205,-280.029
-2.198,-1.233,-0.980,54.565,39.673,-255.737
-2.016,-1.480,-0.861,35.522,30.457,-248.474
-1.796,-1.816,-0.663,24.597,18.372,-226.135
-1.663,-2.041,-0.549,23.193,9.521,-191.040
-1.505,-1.979,-0.528,20.447,9.399,-144.287
-1.391,-1.802,-0.551,15.625,8.667,-104.431
-1.289,-1.524,-0.569,25.574,4.028,-73.364
-1.263,-1.276,-0.509,39.368,-3.723,-54.016
-1.277,-1.137,-0.430,44.861,-10.315,-46.875
-1.301,-1.115,-0.516,40.771,-9.827,-46.631
-1.344,-1.222,-0.601,33.142,-10.498,-47.729
-1.390,-1.359,-0.559,26.978,-19.592,-43.457
-1.425,-1.449,-0.455,22.644,-29.175,-31.860
-1.444,-1.540,-0.308,20.630,-35.522,-16.296
-1.430,-1.583,-0.226,21.118,-37.048,3.052
-1.408,-1.617,-0.232,23.804,-35.645,26.062
-1.393,-1.707,-0.109,31.555,-38.940,49.194
-1.387,-1.746,0.061,45.715,-42.297,76.172
-1.370,-1.603,0.241,60.059,-38.147,106.567
-1.337,-1.267,0.214,69.214,-22.156,133.911
-1.264,-0.991,-0.040,68.909,-1.770,149.231
-1.220,-1.034,-0.322,65.735,6.958,149.597
-1.222,-1.380,-0.413,69.153,-3.296,147.583
-1.241,-1.849,-0.426,76.721,-20.508,157.166
-1.281,-2.257,-0.447,91.309,-38.940,187.378
-1.418,-2.422,-0.239,112.610,-62.500,234.131
-1.541,-2.474,0.187,119.812,-78.857,276.794
-1.503,-2.262,0.300,120.544,-67.871,326.782
-1.419,-1.963,0.124,122.742,-43.457,370.789
-1.661,-1.799,-0.146,132.751,-33.203,402.344
-1.610,-1.693,-0.158,145.813,-44.250,426.514
-1.635,-1.560,-0.237,170.471,-57.251,448.608
-1.738,-1.317,-0.291,182.556,-69.214,470.154
-1.677,-1.019,-0.028,175.781,-84.167,483.887
-1.388,-0.798,-0.023,130.798,-79.590,489.380
-1.354,-0.881,-0.141,81.299,-63.477,479.736
-1.259,-1.050,-0.145,48.767,-58.533,472.595
-1.228,-1.114,-0.294,36.987,-48.462,478.760
-1.190,-0.969,-0.525,29.358,-37.598,492.249
-1.132,-0.612,-0.644,36.377,-39.185,505.981
-1.021,-0.231,-0.503,40.527,-50.964,508.118
-0.808,0.248,-0.364,37.109,-56.030,497.070
-0.530,0.713,-0.477,25.696,-44.495,471.252
-0.248,0.868,-0.655,15.686,-34.363,422.058
-0.002,0.732,-0.844,20.142,-35.767,363.220
0.149,0.374,-0.871,36.865,-49.255,311.584
0.182,0.172,-0.604,56.580,-73.181,283.691
0.216,0.164,-0.231,69.336,-90.576,271.057
0.279,0.207,-0.174,62.927,-80.933,256.775
0.315,0.046,-0.353,37.720,-59.509,234.558
0.339,0.005,-0.444,26.489,-52.063,217.651
0.388,0.268,-0.505,33.020,-55.237,213.501
0.394,0.492,-0.506,30.823,-56.763,199.524
0.452,0.655,-0.405,29.053,-59.937,172.729
0.483,0.840,-0.422,24.963,-53.528,143.494
0.499,0.998,-0.531,17.456,-43.335,110.168
0.425,1.086,-0.608,22.888,-40.039,71.167
0.364,1.250,-0.591,31.250,-41.321,31.311
0.303,1.831,-0.762,39.734,-35.583,-7.141
0.097,2.913,-1.203,40.527,-27.283,-55.908
-0.150,4.000,-1.537,48.584,-35.278,-133.179
-0.688,4.000,-2.033,46.326,-54.382,-257.568
-0.377,-0.793,0.296,11.047,-90.149,217.712
-0.303,-0.802,0.324,-19.348,-76.355,207.153
-0.255,-0.861,0.278,-52.673,-58.044,196.106
-0.178,-0.902,0.180,-86.365,-39.856,188.599
-0.127,-0.953,0.043,-108.093,-25.330,183.777
-0.086,-1.018,-0.062,-123.413,-18.555,180.786
-0.071,-1.014,-0.102,-127.563,-19.348,183.289
-0.054,-0.963,-0.061,-116.272,-26.428,187.866
-0.048,-0.924,0.040,-101.013,-33.752,190.125
-0.045,-0.854,0.148,-82.581,-37.231,191.406
-0.000,-0.789,0.188,-68.604,-34.119,191.284
0.040,-0.769,0.141,-67.200,-26.001,187.378
0.081,-0.736,0.097,-64.514,-21.484,183.472
0.099,-0.706,0.101,-52.795,-26.489,180.420
0.151,-0.614,0.204,-49.194,-35.461,178.345
0.184,-0.529,0.267,-47.058,-37.903,174.011
0.214,-0.462,0.294,-52.368,-34.851,164.734
0.249,-0.401,0.292,-60.059,-31.067,154.114
0.268,-0.360,0.261,-67.688,-26.978,141.174
0.272,-0.382,0.261,-73.059,-24.719,125.732
0.288,-0.451,0.294,-77.209,-23.499,110.962
0.286,-0.483,0.338,-76.477,-21.301,100.891
0.296,-0.513,0.385,-67.871,-18.066,93.628
0.319,-0.583,0.430,-64.697,-13.733,86.365
0.287,-0.675,0.450,-61.279,-7.507,80.872
0.336,-0.753,0.510,-55.725,-1.709,79.163
0.322,-0.784,0.488,-45.837,6.897,80.200
0.335,-0.753,0.418,-44.800,15.564,82.458
0.334,-0.687,0.345,-46.753,20.935,83.984
0.321,-0.615,0.350,-45.898,18.616,83.191
0.307,-0.557,0.371,-43.579,13.916,80.017
0.287,-0.506,0.482,-47.791,10.315,74.646
0.239,-0.459,0.652,-47.058,9.155,68.604
0.214,-0.447,0.832,-46.387,14.465,60.425
0.145,-0.393,0.850,-54.504,31.433,52.124
0.007,-0.306,0.847,-70.557,52.490,43.213
-0.118,-0.165,1.034,-76.050,63.965,32.837
-0.276,0.185,1.411,-78.125,74.219,23.315
-0.556,0.914,1.991,-97.473,98.328,6.165
-0.712,1.880,2.486,-94.421,143.433,-30.212
-1.159,3.027,3.034,-91.736,203.796,-98.022
-1.816,3.954,3.647,-106.079,273.865,-221.741
-2.894,4.000,4.000,-109.070,370.789,-386.963
-3.994,4.000,3.779,-115.356,486.450,-585.815
-4.000,3.937,2.521,-84.961,596.497,-792.664
-4.000,3.067,0.979,-2.747,646.790,-928.284
-4.000,2.207,-0.281,40.466,605.286,-989.197
-4.000,0.931,-0.578,50.232,510.437,-1018.555
-4.000,-0.913,-0.187,-9.033,417.297,-1049.255
-4.000,-2.199,0.425,-47.852,344.055,-1022.217
-4.000,-3.050,0.488,-34.912,325.989,-933.105
-4.000,-3.425,-0.630,-15.503,359.680,-818.176
-4.000,-3.099,-1.814,1.160,360.901,-689.331
-3.664,-2.457,-2.303,33.020,298.035,-568.237
-3.326,-2.045,-2.190,58.838,205.078,-480.896
-3.086,-1.828,-1.965,73.425,126.770,-415.588
-2.911,-1.683,-1.669,78.674,62.988,-357.483
-2.759,-1.639,-1.291,74.768,11.780,-302.612
-2.631,-1.764,-0.938,69.458,-20.447,-254.883
-2.425,-1.875,-0.700,62.500,-34.912,-205.627
-2.200,-1.962,-0.595,52.063,-37.964,-155.579
-1.956,-2.025,-0.525,43.762,-39.734,-108.032
-1.801,-2.009,-0.391,45.776,-43.518,-62.866
-1.645,-1.738,-0.182,59.753,-46.570,-21.118
-1.469,-1.283,-0.177,70.984,-36.560,8.789
-1.338,-0.956,-0.274,73.486,-24.231,20.264
-1.271,-0.858,-0.374,71.167,-18.372,18.188
-1.266,-0.980,-0.459,65.918,-17.395,12.146
-1.283,-1.227,-0.446,63.721,-20.447,10.315
-1.286,-1.385,-0.383,68.298,-23.254,19.287
-1.276,-1.369,-0.364,75.073,-23.254,36.987
-1.249,-1.331,-0.336,81.055,-25.696,54.016
-1.221,-1.286,-0.244,82.703,-32.288,67.993
-1.197,-1.145,-0.069,80.078,-38.879,80.444
-1.126,-0.909,-0.003,72.571,-36.072,88.440
-1.048,-0.744,-0.138,61.829,-25.696,88.379
-0.999,-0.741,-0.218,53.711,-23.315,81.177
-0.968,-0.805,-0.152,49.988,-30.334,75.073
-0.943,-0.864,-0.124,44.922,-33.691,73.608
-0.923,-0.951,-0.201,40.283,-32.166,75.134
-0.937,-1.094,-0.249,40.161,-34.790,79.224
-0.967,-1.179,-0.148,46.143,-43.457,88.867
-0.983,-1.082,0.029,50.476,-48.706,103.210
-0.998,-0.868,0.092,50.293,-41.809,115.417
-0.946,-0.593,0.047,45.715,-30.090,119.324
-0.912,-0.494,-0.102,36.011,-18.738,113.098
-0.920,-0.632,-0.145,28.992,-19.531,100.525
-0.953,-0.904,-0.124,25.757,-26.672,92.529
-1.014,-1.261,-0.092,21.423,-31.738,93.140
-1.074,-1.607,-0.066,21.545,-35.522,106.140
-1.140,-1.946,-0.108,23.682,-38.574,130.676
-1.232,-2.390,-0.205,20.325,-39.612,161.743
-1.317,-2.630,-0.236,28.992,-45.471,207.397
-1.432,-2.565,-0.203,57.373,-55.664,266.785
-1.635,-2.296,-0.150,86.243,-66.284,326.599
-1.665,-1.929,0.066,107.971,-75.500,374.817
-1.671,-1.627,0.173,109.131,-71.777,405.151
-1.598,-1.422,0.040,100.952,-55.420,425.415
-1.498,-1.471,-0.211,82.703,-41.382,436.279
-1.426,-1.747,-0.404,73.547,-42.542,446.045
-1.471,-2.065,-0.488,74.219,-56.396,468.628
-1.538,-2.141,-0.448,76.965,-74.646,508.789
-1.737,-1.974,-0.253,76.965,-92.529,560.547
-1.740,-1.545,0.022,73.853,-104.248,612.549
-2.008,-1.029,0.213,68.176,-104.004,652.527
-1.887,-0.313,0.224,53.528,-86.243,676.025
-1.681,0.333,-0.069,37.170,-58.044,678.101
-1.305,0.687,-0.374,13.672,-38.879,648.926
-0.952,0.796,-0.612,1.282,-35.034,605.225
-0.646,1.040,-0.587,21.606,-49.316,567.932
-0.395,1.442,-0.187,58.105,-77.942,535.583
-0.115,1.786,0.280,85.022,-95.032,486.633
0.169,1.768,0.467,70.923,-78.003,410.706
0.372,1.594,0.199,21.057,-36.316,329.590
0.527,1.398,-0.349,-25.391,-0.183,265.320
0.578,1.098,-0.730,-48.889,9.521,212.708
0.594,0.933,-0.638,-33.142,-10.620,174.683
0.638,1.069,-0.388,1.648,-31.860,152.100
0.658,1.268,-0.352,17.090,-29.297,127.197
-0.165,-1.169,-0.173,-65.308,-13.245,97.473
-0.154,-1.180,-0.216,-73.181,-15.869,101.929
-0.250,-1.228,-0.190,-75.317,-22.095,107.178
-0.126,-1.147,-0.067,-72.754,-31.921,118.469
-0.152,-1.145,-0.012,-65.552,-34.241,122.559
-0.148,-1.130,0.019,-59.021,-32.104,122.803
-0.151,-1.071,0.049,-50.171,-29.541,128.418
-0.139,-0.995,0.046,-41.931,-27.222,133.057
-0.113,-0.934,0.038,-40.344,-24.841,132.141
-0.091,-0.914,0.024,-45.776,-22.400,128.784
-0.062,-0.915,-0.002,-52.551,-20.325,124.268
-0.043,-0.956,-0.007,-57.983,-21.423,119.934
-0.027,-0.975,-0.006,-62.073,-23.315,117.920
-0.016,-1.014,0.018,-59.937,-25.879,118.103
-0.005,-1.054,0.077,-61.829,-29.419,119.324
0.001,-1.059,0.119,-62.622,-30.273,122.192
0.012,-1.056,0.148,-61.462,-28.564,125.427
0.023,-1.065,0.164,-61.646,-26.062,127.197
0.050,-1.050,0.178,-61.584,-23.743,129.150
0.064,-1.021,0.197,-62.439,-21.240,131.226
0.088,-0.962,0.200,-65.857,-17.578,131.958
0.113,-0.875,0.192,-71.289,-12.756,132.019
0.142,-0.795,0.155,-80.566,-8.362,129.883
0.189,-0.753,0.107,-93.323,-5.005,124.573
0.218,-0.759,0.042,-103.638,-4.578,118.652
0.232,-0.805,0.050,-105.347,-9.521,113.464
0.239,-0.864,0.140,-100.708,-17.578,111.450
0.233,-0.900,0.261,-89.966,-22.644,112.000
0.249,-0.852,0.328,-79.041,-20.386,116.211
0.230,-0.795,0.363,-72.998,-13.184,119.019
0.253,-0.791,0.401,-68.115,-7.385,118.164
0.253,-0.837,0.450,-70.679,-2.625,117.310
0.234,-0.886,0.456,-80.688,4.822,117.493
0.214,-0.871,0.481,-91.248,11.169,121.582
0.189,-0.788,0.491,-90.576,15.991,128.357
0.103,-0.673,0.587,-91.797,17.822,132.996
-0.041,-0.452,0.752,-95.032,16.907,135.986
-0.144,-0.027,1.035,-108.032,16.785,134.705
-0.355,0.511,1.517,-155.090,26.611,119.568
-0.561,1.389,2.223,-201.416,57.129,88.196
-0.814,2.869,2.730,-219.849,121.765,40.222
-1.059,4.000,3.048,-202.759,212.830,-49.622
-1.775,4.000,3.396,-172.791,302.124,-211.975
-2.875,4.000,4.000,-171.570,372.498,-459.229
-3.931,4.000,3.359,-106.689,480.896,-687.561
-4.000,4.000,1.875,-38.086,569.824,-871.033
-4.000,3.517,0.708,5.859,548.889,-1009.949
-4.000,2.217,0.158,66.589,463.867,-1083.435
-4.000,0.641,-0.106,91.125,396.362,-1117.554
-4.000,-1.228,-0.166,28.870,352.966,-1128.662
-4.000,-2.699,0.499,-21.912,295.593,-1082.825
-4.000,-3.660,0.282,-26.245,299.683,-981.384
-4.000,-4.000,-1.816,-22.888,371.887,-856.567
-4.000,-4.000,-3.741,7.019,365.967,-709.839
-3.665,-3.610,-3.573,60.974,224.731,-556.580
-3.084,-2.427,-2.391,104.614,72.876,-412.903
-2.771,-1.572,-1.305,118.042,-7.202,-324.280
-2.562,-1.553,-0.427,106.079,-34.668,-292.603
-2.380,-1.759,-0.011,85.999,-25.757,-265.991
-2.173,-1.850,-0.213,66.528,7.141,-224.304
-1.929,-1.875,-0.661,42.908,35.767,-180.481
-1.679,-1.850,-0.953,24.658,39.856,-141.052
-1.481,-1.714,-0.998,14.038,23.010,-104.248
-1.340,-1.444,-0.725,16.785,-4.456,-71.411
-1.295,-1.257,-0.392,25.879,-28.015,-51.880
-1.343,-1.153,-0.019,33.569,-39.001,-41.382
-1.387,-1.146,0.318,41.565,-37.903,-36.438
-1.461,-1.191,0.344,47.546,-18.982,-32.043
-1.515,-1.304,0.189,52.490,2.075,-25.146
-1.562,-1.378,-0.042,57.800,15.076,-12.451
-1.593,-1.445,-0.177,65.002,14.771,3.723
-1.602,-1.502,-0.252,71.533,5.859,23.987
-1.602,-1.515,-0.265,77.332,-7.629,48.645
-1.606,-1.551,-0.127,79.529,-26.306,72.937
-1.578,-1.593,0.103,83.984,-43.579,98.083
-1.580,-1.676,0.244,87.646,-49.438,123.413
-1.551,-1.737,0.286,87.708,-46.753,151.123
-1.526,-1.790,0.257,93.506,-41.870,181.702
-1.488,-1.837,0.192,102.478,-38.696,214.233
-1.534,-1.788,0.092,109.192,-37.292,248.840
-1.516,-1.739,0.068,112.854,-39.856,278.198
-1.459,-1.654,0.051,125.488,-44.128,307.800
-1.548,-1.335,0.114,141.968,-48.401,337.219
-1.406,-1.081,0.164,152.649,-51.697,354.980
-1.321,-0.907,0.128,157.471,-49.988,363.464
-1.236,-0.855,0.149,156.921,-50.110,364.197
-1.136,-0.824,0.103,144.409,-47.852,363.037
-1.042,-0.858,-0.049,121.216,-40.527,361.572
-0.864,-1.022,-0.254,104.187,-38.818,359.680
-0.972,-1.131,-0.318,94.116,-46.814,366.272
-0.931,-1.172,-0.280,87.891,-60.608,378.113
-0.920,-1.126,-0.226,92.529,-71.228,390.686
-0.981,-0.932,-0.073,95.032,-80.261,404.663
-0.888,-0.665,0.037,91.187,-82.825,415.161
-0.783,-0.476,0.073,76.111,-75.378,413.208
-0.661,-0.385,0.027,61.646,-63.232,401.184
-0.573,-0.443,-0.027,54.199,-53.528,384.460
-0.472,-0.519,-0.104,46.082,-46.204,373.657
-0.416,-0.557,-0.175,39.368,-40.649,369.751
-0.368,-0.551,-0.219,31.982,-37.842,368.347
-0.301,-0.525,-0.234,28.625,-35.645,367.920
-0.241,-0.400,-0.232,33.630,-35.461,368.225
-0.160,-0.158,-0.240,41.931,-36.072,367.371
-0.018,0.083,-0.242,47.119,-37.720,357.300
0.096,0.121,-0.206,42.847,-39.185,333.252
0.188,-0.006,-0.133,39.612,-39.368,304.565
0.272,-0.042,-0.166,42.542,-34.058,286.743
0.332,0.038,-0.238,48.401,-28.748,276.672
0.397,0.119,-0.199,57.800,-32.043,263.489
0.455,0.185,-0.144,69.214,-35.461,244.873
0.531,0.204,-0.099,75.928,-34.302,223.633
0.590,0.189,-0.037,71.289,-32.043,201.660
0.635,0.159,-0.059,59.998,-25.452,181.213
0.653,0.078,-0.188,48.035,-14.709,161.682
0.664,-0.025,-0.251,36.560,-9.949,145.874
0.696,-0.015,-0.317,28.198,-8.850,137.878
0.698,-0.020,-0.410,28.503,-6.470,132.019
0.722,-0.056,-0.339,30.518,-12.085,122.864
0.739,0.039,-0.290,33.508,-15.991,118.958
-0.698,-1.567,-0.515,-81.482,-51.575,103.821
-0.672,-1.502,-0.516,-91.736,-58.167,117.126
-0.641,-1.429,-0.509,-102.173,-65.674,129.456
-0.597,-1.369,-0.487,-111.145,-72.632,139.465
-0.596,-1.357,-0.490,-119.812,-79.285,147.766
-0.551,-1.370,-0.421,-131.531,-87.219,155.823
-0.529,-1.386,-0.355,-134.277,-95.093,167.053
-0.586,-1.421,-0.208,-127.563,-104.553,177.612
-0.568,-1.491,0.134,-114.929,-114.563,188.293
-0.544,-1.548,0.232,-106.079,-104.309,202.759
-0.532,-1.507,0.139,-105.347,-83.069,220.398
-0.505,-1.349,0.029,-103.699,-70.068,239.502
-0.500,-1.158,-0.001,-93.811,-68.726,254.089
-0.470,-1.009,0.067,-92.773,-72.021,259.705
-0.420,-0.955,0.108,-99.487,-70.374,259.338
-0.369,-0.903,0.097,-114.197,-62.622,257.324
-0.314,-0.819,0.037,-120.117,-54.321,255.249
-0.249,-0.792,-0.024,-123.047,-48.950,250.305
-0.210,-0.834,-0.057,-133.606,-47.852,242.004
-0.175,-0.914,-0.065,-146.179,-50.903,235.352
-0.155,-0.965,0.032,-153.259,-59.021,234.131
-0.153,-0.906,0.292,-143.433,-72.205,238.708
-0.132,-0.767,0.589,-119.629,-77.637,245.239
-0.097,-0.597,0.697,-106.995,-64.514,247.314
-0.039,-0.471,0.629,-107.910,-41.504,242.493
0.016,-0.454,0.515,-120.789,-21.362,230.713
0.090,-0.479,0.447,-138.855,-10.071,217.346
0.115,-0.468,0.364,-144.897,-5.066,207.764
0.144,-0.471,0.332,-152.344,-4.944,198.303
0.160,-0.488,0.284,-168.030,-3.540,188.904
0.166,-0.472,0.292,-176.208,-5.371,181.152
0.171,-0.409,0.371,-171.204,-10.803,177.246
0.184,-0.347,0.452,-170.227,-13.428,171.204
0.176,-0.226,0.421,-174.133,-9.399,163.391
0.126,-0.113,0.403,-178.833,-7.568,152.649
0.036,-0.003,0.504,-169.739,-12.573,140.564
-0.112,0.069,0.721,-150.940,-21.545,127.075
-0.346,0.236,0.992,-146.484,-21.973,113.281
-0.632,0.661,1.390,-172.729,-9.766,96.130
-0.915,1.503,1.931,-236.145,19.531,68.176
-0.970,2.917,2.389,-311.707,77.209,19.958
-1.278,4.000,2.182,-296.631,158.020,-61.829
-1.994,4.000,2.500,-174.194,206.116,-196.045
-3.438,4.000,3.576,-98.633,237.366,-414.368
-4.000,4.000,3.217,-120.605,336.792,-698.242
-4.000,4.000,1.310,-163.757,450.562,-985.107
-4.000,4.000,0.388,-132.385,429.871,-1218.628
-4.000,3.105,0.382,-17.944,315.063,-1344.543
-4.000,1.694,-0.272,135.376,250.977,-1364.807
-4.000,0.186,-0.972,208.740,229.736,-1347.656
-4.000,-1.584,-1.185,184.082,205.933,-1322.876
-4.000,-3.641,-1.162,51.697,185.852,-1287.109
-4.000,-4.000,-0.591,-42.542,133.789,-1171.387
-4.000,-4.000,-0.714,-4.456,118.591,-970.154
-4.000,-4.000,-2.582,73.975,159.302,-720.703
-4.000,-3.979,-3.041,98.145,109.131,-506.409
-3.468,-3.358,-1.705,103.210,-20.569,-381.287
-2.946,-2.817,-0.910,115.845,-75.378,-292.908
-2.551,-2.161,-0.603,96.069,-69.519,-218.201
-2.211,-1.839,-0.068,73.975,-69.519,-172.729
-1.872,-1.923,0.135,44.922,-53.467,-149.719
-1.574,-1.891,-0.197,18.188,-22.705,-118.958
-1.354,-1.852,-0.255,-1.587,-20.935,-86.853
-1.222,-1.579,-0.124,2.625,-36.865,-52.307
-1.182,-1.360,0.280,16.479,-55.359,-28.687
-1.190,-1.178,0.564,30.212,-58.472,-16.113
-1.228,-1.112,0.585,36.682,-43.640,-11.597
-1.272,-1.171,0.463,41.443,-25.818,-10.071
-1.304,-1.259,0.268,44.800,-11.597,-4.578
-1.324,-1.290,0.073,49.194,-4.211,7.629
-1.326,-1.281,-0.072,54.382,-5.249,23.804
-1.321,-1.238,-0.135,58.289,-13.489,41.260
-1.313,-1.234,-0.118,59.265,-25.879,57.861
-1.305,-1.355,0.011,62.195,-39.856,72.266
-1.304,-1.519,0.151,68.176,-51.636,90.698
-1.320,-1.683,0.233,71.960,-58.716,114.380
-1.342,-1.891,0.294,77.209,-63.416,141.357
-1.414,-1.918,0.401,93.262,-66.711,176.941
-1.426,-1.665,0.568,112.854,-65.735,217.224
-1.446,-1.331,0.524,121.094,-50.049,247.192
-1.400,-0.912,0.498,119.019,-31.799,263.977
-1.283,-0.599,0.271,105.835,-11.902,265.991
-1.204,-0.575,-0.028,88.196,1.587,254.089
-1.156,-0.795,-0.113,80.872,-7.446,239.380
-1.130,-1.077,-0.100,83.008,-25.635,232.605
-1.132,-1.392,-0.083,80.444,-38.452,234.802
-1.158,-1.714,-0.085,76.172,-46.082,245.056
-1.196,-2.023,-0.110,74.646,-51.025,264.587
-1.272,-2.194,-0.128,75.806,-56.152,295.471
-1.337,-2.161,-0.107,87.463,-64.087,337.219
-1.387,-1.982,-0.035,103.149,-73.547,380.188
-1.222,-1.736,-0.035,111.694,-78.674,416.687
-1.474,-1.502,0.020,114.624,-84.106,444.702
-1.402,-1.226,0.170,128.174,-90.698,463.501
-1.273,-1.111,0.225,126.404,-87.952,468.445
-1.233,-1.099,0.194,102.661,-75.134,466.797
-1.120,-1.136,0.176,75.867,-62.439,466.797
-1.046,-1.142,0.104,56.152,-49.011,472.290
-0.989,-1.079,0.065,42.480,-39.429,481.506
-0.944,-0.927,0.085,34.180,-35.034,492.981
-0.871,-0.614,0.108,28.015,-30.396,504.944
-0.738,-0.250,0.060,22.766,-21.851,510.437
-0.573,-0.082,-0.040,5.554,-12.329,496.887
-0.438,-0.163,-0.064,-15.930,-6.287,470.520
-0.306,-0.152,-0.131,-18.372,-4.272,453.308
-0.214,-0.003,-0.174,-2.197,-5.554,449.402
-0.146,0.237,-0.024,10.681,-16.479,442.749
-0.032,0.485,0.241,32.471,-27.954,427.673
0.086,0.716,0.407,37.292,-25.818,402.405
0.228,0.958,0.328,17.212,-5.188,370.117
0.370,1.092,0.178,-19.287,18.372,328.125
0.497,1.106,-0.108,-44.861,38.208,282.837
0.573,1.093,-0.371,-43.335,45.410,241.638
0.608,1.074,-0.300,-19.348,30.945,205.872
0.626,1.090,0.033,-2.075,15.198,173.584
0.644,1.165,0.068,0.977,25.635,142.273
0.615,1.253,-0.140,-1.953,49.072,108.582
0.524,1.484,-0.297,-5.676,62.683,72.266
0.517,2.017,-0.457,6.958,71.106,32.532
-0.723,-1.400,-0.272,-136.108,-29.175,271.851
-0.704,-1.301,-0.146,-132.935,-31.128,281.799
-0.671,-1.175,-0.094,-124.939,-29.907,291.565
-0.618,-1.031,-0.105,-116.943,-22.644,296.875
-0.561,-0.893,-0.130,-109.802,-16.724,297.302
-0.498,-0.789,-0.085,-98.938,-16.846,293.274
-0.431,-0.772,0.030,-88.928,-19.958,285.034
-0.370,-0.802,0.156,-84.839,-18.616,274.902
-0.318,-0.754,0.168,-79.224,-10.254,268.127
-0.256,-0.652,0.106,-74.463,-1.587,262.085
-0.191,-0.547,0.041,-75.623,0.793,252.197
-0.122,-0.500,0.020,-83.557,-1.709,237.183
-0.064,-0.545,0.092,-97.046,-7.263,217.957
-0.026,-0.645,0.244,-111.328,-13.794,199.585
-0.001,-0.712,0.373,-124.084,-13.733,187.561
0.029,-0.730,0.427,-135.315,-5.859,180.786
0.052,-0.727,0.404,-143.555,4.578,175.903
0.072,-0.719,0.349,-145.325,13.245,171.204
0.078,-0.684,0.312,-138.550,17.029,169.128
0.100,-0.608,0.337,-129.456,16.968,168.396
0.127,-0.532,0.338,-117.371,17.212,165.955
0.122,-0.566,0.387,-127.930,19.836,158.569
0.130,-0.620,0.430,-146.057,24.231,153.442
0.119,-0.566,0.439,-145.874,30.212,154.175
0.136,-0.518,0.496,-137.329,32.654,153.748
0.166,-0.505,0.518,-133.667,37.476,149.109
0.196,-0.543,0.474,-138.855,45.105,142.456
0.203,-0.532,0.427,-145.874,48.767,138.000
0.217,-0.474,0.485,-148.132,47.424,137.329
0.237,-0.397,0.482,-146.667,48.218,135.132
0.250,-0.407,0.435,-153.809,52.490,127.991
0.251,-0.449,0.417,-160.156,52.246,120.422
0.237,-0.415,0.401,-155.518,50.171,117.432
0.174,-0.311,0.408,-143.982,45.105,114.258
0.115,-0.079,0.424,-124.634,38.086,109.680
-0.015,0.145,0.591,-120.911,30.640,98.877
-0.137,0.568,0.779,-145.203,28.381,80.200
-0.221,1.357,0.998,-176.819,38.635,51.392
-0.247,2.561,1.143,-210.937,59.937,2.075
-0.482,3.998,1.193,-226.196,84.656,-73.853
-1.219,4.000,2.172,-183.716,87.158,-206.238
-2.674,4.000,3.498,-155.762,107.544,-412.231
-4.000,4.000,3.391,-100.647,221.252,-670.410
-4.000,4.000,1.719,-77.026,359.436,-992.493
-4.000,3.954,0.473,-50.842,375.488,-1284.241
-4.000,1.751,-0.369,47.424,309.143,-1405.701
-4.000,0.190,-0.999,150.269,244.995,-1400.024
-4.000,-1.169,-1.556,175.049,200.928,-1353.882
-4.000,-2.897,-0.966,89.783,135.864,-1304.810
-4.000,-4.000,0.949,6.104,49.561,-1216.187
-4.000,-4.000,1.509,2.136,75.134,-1047.119
-4.000,-4.000,-0.474,16.785,205.017,-834.412
-4.000,-3.729,-2.381,33.569,249.756,-662.842
-3.875,-3.454,-2.496,47.913,162.292,-543.823
-3.212,-3.166,-2.276,64.819,67.078,-437.927
-2.686,-2.778,-2.068,61.829,5.249,-339.294
-2.317,-2.105,-1.291,55.847,-58.533,-252.258
-2.009,-1.779,-0.322,53.528,-100.525,-197.510
-1.687,-1.687,0.041,30.762,-89.722,-164.490
-1.412,-1.440,0.019,16.296,-61.218,-131.348
-1.221,-1.425,0.104,3.418,-46.814,-109.314
-1.109,-1.318,0.062,-10.315,-37.598,-89.661
-1.042,-1.127,0.023,-9.155,-33.264,-71.228
-1.061,-1.090,0.036,-10.193,-35.706,-62.195
-1.111,-1.093,0.126,-4.700,-39.368,-57.556
-1.150,-1.068,0.095,2.258,-38.269,-48.035
-1.173,-1.058,-0.003,7.446,-35.400,-37.170
-1.189,-1.065,-0.107,12.817,-35.889,-25.024
-1.215,-1.083,-0.085,21.729,-40.894,-10.986
-1.234,-1.027,0.054,33.203,-46.448,5.798
-1.245,-0.937,0.214,42.847,-45.166,22.278
-1.229,-0.921,0.286,49.011,-36.316,33.813
-1.206,-0.976,0.262,52.490,-25.574,43.274
-1.185,-1.036,0.170,51.331,-17.944,53.955
-1.173,-1.143,0.051,52.917,-16.418,66.284
-1.171,-1.276,-0.024,58.044,-23.315,81.970
-1.180,-1.418,-0.021,63.354,-36.255,102.478
-1.234,-1.553,-0.031,70.313,-52.002,126.953
-1.305,-1.661,0.055,79.529,-70.374,156.677
-1.404,-1.685,0.230,91.187,-86.914,190.002
-1.532,-1.544,0.513,105.103,-96.863,223.938
-1.647,-1.325,0.844,113.403,-94.116,252.319
-1.643,-1.141,0.982,109.192,-72.998,272.949
-1.635,-1.172,0.881,94.971,-40.955,283.508
-1.626,-1.369,0.747,77.881,-15.137,291.443
-1.627,-1.567,0.574,72.144,2.136,305.664
-1.629,-1.778,0.365,78.552,13.184,326.721
-1.657,-2.023,0.167,82.336,16.174,351.929
-1.737,-2.250,0.089,90.332,9.094,383.667
-1.834,-2.357,0.099,102.173,-1.892,425.354
-1.977,-2.335,0.135,115.234,-9.888,473.389
-2.089,-2.177,0.235,124.023,-14.832,522.156
-2.037,-1.892,0.296,124.939,-12.817,568.420
-2.302,-1.465,0.320,119.629,-4.333,607.727
-2.168,-0.881,0.294,115.417,10.803,634.094
-1.904,-0.506,-0.013,84.778,39.246,634.521
-1.670,-0.350,-0.385,34.180,67.139,613.647
-1.411,-0.224,-0.667,16.418,75.989,592.163
-1.115,-0.031,-0.881,37.659,66.345,575.562
-0.792,0.122,-0.922,68.848,40.771,553.528
-0.547,0.284,-0.766,98.755,5.127,528.076
-0.285,0.468,-0.526,127.380,-27.161,500.549
-0.099,0.459,-0.229,136.353,-47.241,460.510
0.053,0.296,0.055,120.239,-53.162,412.659
0.194,0.234,0.039,87.891,-38.208,376.709
0.312,0.209,-0.303,41.260,-10.132,348.755
0.388,0.136,-0.667,0.061,5.737,320.618
0.427,0.146,-0.703,-7.446,-4.883,300.903
0.505,0.283,-0.477,11.108,-28.259,289.001
0.542,0.409,-0.306,15.198,-35.278,275.269
0.589,0.453,-0.288,0.366,-26.733,254.456
0.622,0.506,-0.381,0.671,-16.235,232.422
0.677,0.615,-0.383,13.245,-15.686,211.182
0.698,0.729,-0.374,20.874,-17.395,187.866
0.708,0.743,-0.350,18.250,-16.968,159.973
0.672,0.732,-0.329,11.047,-12.939,132.080
0.622,0.864,-0.398,10.620,-4.639,110.413
0.587,1.213,-0.537,20.264,4.089,89.600
0.567,1.733,-0.717,34.851,9.216,58.899
-0.953,-2.271,-0.271,-106.018,-2.441,94.177
-0.973,-2.251,-0.077,-107.422,-1.221,127.625
-0.988,-2.116,0.164,-103.943,5.249,160.645
-0.971,-1.935,0.260,-106.567,24.353,187.317
-0.950,-1.802,0.172,-121.155,53.833,204.834
-0.930,-1.730,0.032,-135.864,80.017,216.675
-0.870,-1.712,-0.131,-146.057,98.328,227.295
-0.880,-1.707,-0.331,-155.823,110.657,238.464
-0.819,-1.687,-0.479,-164.246,114.075,249.695
-0.832,-1.715,-0.572,-167.419,109.680,261.902
-0.810,-1.694,-0.606,-165.710,99.426,279.053
-0.809,-1.602,-0.612,-153.748,87.036,300.171
-0.798,-1.465,-0.570,-140.930,72.388,321.289
-0.778,-1.329,-0.485,-128.967,57.800,338.806
-0.761,-1.182,-0.359,-116.760,45.044,352.478
-0.744,-1.036,-0.227,-105.042,33.936,361.694
-0.707,-0.841,-0.155,-97.534,27.954,366.882
-0.657,-0.580,-0.181,-96.252,24.719,367.920
-0.568,-0.322,-0.151,-110.107,19.348,360.474
-0.464,-0.112,-0.106,-127.808,13.611,342.224
-0.353,-0.063,-0.057,-147.705,9.766,314.148
-0.254,-0.178,-0.025,-166.260,7.751,283.508
-0.159,-0.352,0.012,-175.720,6.226,259.827
-0.178,-0.468,0.028,-163.147,3.540,249.512
-0.161,-0.475,0.103,-141.296,-3.174,249.329
-0.165,-0.346,0.203,-130.432,-9.583,251.526
-0.119,-0.123,0.264,-112.915,-13.916,251.587
-0.088,0.074,0.303,-98.511,-17.090,243.958
-0.046,0.156,0.362,-104.431,-18.738,226.196
-0.017,0.183,0.449,-126.587,-18.616,203.430
0.015,0.178,0.488,-140.991,-15.442,182.678
0.015,0.181,0.447,-146.606,-10.071,164.062
0.013,0.172,0.442,-146.057,-9.399,146.240
-0.009,0.194,0.477,-139.648,-12.695,129.761
-0.068,0.232,0.538,-131.592,-15.503,114.380
-0.160,0.266,0.699,-123.840,-18.982,97.351
-0.262,0.354,0.925,-119.446,-20.813,80.200
-0.397,0.687,1.191,-125.977,-13.306,62.927
-0.455,1.211,1.494,-152.527,4.578,34.912
-0.548,2.004,1.833,-187.012,33.997,-8.667
-0.687,3.078,2.124,-192.261,75.623,-73.181
-1.196,4.000,2.312,-132.202,123.474,-164.795
-1.889,4.000,2.951,-75.073,166.443,-299.438
-3.370,4.000,3.469,-15.991,235.962,-480.896
-4.000,4.000,3.024,3.296,351.501,-719.666
-4.000,4.000,1.263,-11.292,466.187,-996.765
-4.000,3.779,-0.426,16.663,470.642,-1212.524
-4.000,2.308,-1.152,104.736,364.563,-1298.828
-4.000,0.975,-1.673,221.802,258.850,-1308.472
-4.000,-0.719,-2.068,247.498,206.970,-1307.434
-4.000,-2.684,-1.613,144.104,148.071,-1295.166
-4.000,-4.000,-0.383,52.734,77.148,-1220.642
-4.000,-4.000,0.181,27.100,78.552,-1060.425
-4.000,-4.000,-1.182,41.565,164.917,-841.553
-4.000,-4.000,-2.930,53.162,212.158,-629.944
-3.695,-3.709,-3.359,80.688,140.747,-454.224
-3.064,-2.831,-2.647,99.304,24.292,-326.294
-2.630,-2.283,-1.516,90.332,-62.439,-246.338
-2.250,-1.826,-0.524,81.055,-98.206,-190.430
-1.894,-1.737,0.133,53.894,-91.370,-155.029
-1.552,-1.653,0.309,33.203,-59.265,-126.587
-1.260,-1.689,0.215,16.357,-26.917,-101.501
-1.082,-1.551,-0.100,-2.197,-6.531,-73.303
-1.021,-1.389,-0.056,-2.747,-11.780,-47.485
-1.023,-1.216,0.193,11.353,-26.001,-32.349
-1.126,-0.996,0.297,20.447,-26.489,-21.484
-1.197,-1.146,0.372,23.804,-19.348,-25.818
-1.274,-1.247,0.192,27.771,-2.747,-23.437
-1.294,-1.230,0.015,34.729,9.033,-10.254
-1.320,-1.170,-0.139,41.321,13.916,5.371
-1.319,-1.131,-0.236,44.678,12.573,20.630
-1.313,-1.088,-0.258,45.532,5.615,35.889
-1.301,-1.096,-0.256,43.579,-2.380,50.354
-1.300,-1.237,-0.235,41.565,-12.512,63.171
-1.304,-1.444,-0.130,46.021,-27.222,79.773
-1.307,-1.634,0.000,58.655,-42.480,104.370
-1.327,-1.784,0.170,74.524,-54.260,135.559
-1.343,-1.866,0.312,93.811,-61.951,172.302
-1.421,-1.654,0.592,120.972,-65.430,213.623
-1.418,-1.255,0.742,137.695,-53.955,247.742
-1.322,-0.755,0.674,134.033,-24.414,267.029
-1.214,-0.503,0.440,120.544,5.310,268.005
-1.129,-0.681,0.175,93.140,24.658,251.160
-1.107,-1.122,-0.012,66.956,26.733,235.413
-1.128,-1.632,-0.083,52.979,17.517,234.741
-1.191,-2.044,-0.140,58.228,3.113,254.761
-1.322,-2.359,-0.081,69.824,-12.695,290.405
-1.452,-2.453,-0.006,85.632,-26.855,337.891
-1.571,-2.275,0.082,104.797,-36.194,392.090
-1.645,-1.894,0.127,124.756,-41.565,443.604
-1.664,-1.420,0.182,144.165,-44.922,482.727
-1.618,-0.998,0.241,150.024,-44.739,503.845
-1.504,-0.658,0.242,126.343,-36.011,508.606
-1.379,-0.490,0.230,86.060,-20.752,496.521
-1.197,-0.413,0.175,49.500,-1.709,474.426
-1.002,-0.462,0.077,15.076,22.095,451.599
-0.824,-0.607,-0.175,-10.681,46.326,431.091
-0.663,-0.724,-0.450,-11.597,56.274,419.189
-0.542,-0.830,-0.652,5.798,46.204,414.429
-0.480,-0.885,-0.645,18.738,20.386,413.696
-0.435,-0.794,-0.412,33.936,-9.888,419.495
-0.365,-0.537,-0.295,44.495,-25.146,426.941
-0.270,-0.362,-0.376,44.189,-25.208,423.828
-0.172,-0.330,-0.409,39.673,-29.602,409.180
-0.124,-0.363,-0.251,38.879,-40.588,394.043
-0.055,-0.251,-0.119,44.556,-46.204,384.155
0.047,-0.062,-0.157,48.706,-40.283,376.526
0.159,0.050,-0.239,45.898,-36.255,357.788
0.248,0.061,-0.257,43.701,-38.452,334.229
0.343,0.088,-0.138,40.100,-45.105,313.782
0.409,0.264,-0.107,43.945,-45.471,300.781
0.472,0.358,-0.104,42.175,-40.710,281.921
0.515,0.344,-0.037,36.194,-37.048,255.554
0.554,0.370,-0.057,33.936,-30.029,234.924
0.610,0.457,-0.180,32.471,-20.630,218.689
0.651,0.627,-0.246,27.832,-16.602,202.576
0.674,0.818,-0.173,21.973,-18.311,183.167
0.689,1.027,-0.146,16.113,-14.587,156.921
0.715,1.197,-0.184,15.198,-5.737,124.634
-0.701,-2.230,-0.441,-171.875,-23.865,140.564
-0.741,-2.204,-0.288,-185.059,-26.917,172.913
-0.767,-2.147,-0.107,-186.340,-26.184,206.055
-0.804,-2.142,0.021,-188.660,-18.372,234.436
-0.809,-2.093,0.020,-194.031,-1.709,260.864
-0.877,-2.041,-0.085,-197.937,14.099,285.583
-0.937,-1.936,-0.161,-205.688,26.123,306.335
-0.948,-1.691,-0.363,-201.294,37.537,331.421
-0.904,-1.436,-0.602,-187.012,44.250,350.281
-0.815,-1.223,-0.722,-179.504,36.072,360.046
-0.743,-1.054,-0.707,-175.964,19.348,363.342
-0.673,-0.907,-0.494,-168.945,-3.784,362.366
-0.620,-0.762,-0.101,-150.635,-26.428,358.337
-0.531,-0.658,0.186,-129.822,-35.034,348.267
-0.417,-0.610,0.250,-135.925,-22.522,331.604
-0.276,-0.592,0.107,-170.898,-2.014,310.974
-0.165,-0.522,-0.135,-199.036,11.414,293.823
-0.074,-0.440,-0.289,-210.144,8.362,277.710
0.013,-0.342,-0.188,-203.857,-10.864,261.963
0.052,-0.239,0.025,-183.044,-33.508,247.925
0.103,-0.227,0.287,-173.035,-47.363,228.821
0.076,-0.236,0.379,-178.040,-46.326,210.083
0.096,-0.280,0.453,-178.467,-41.809,194.458
0.093,-0.297,0.496,-167.358,-36.011,182.983
0.124,-0.241,0.555,-157.043,-31.860,175.598
0.104,-0.175,0.550,-146.851,-27.832,167.114
0.121,-0.077,0.484,-149.353,-20.935,155.884
0.123,-0.082,0.457,-155.273,-19.165,140.259
0.088,-0.194,0.562,-144.287,-26.489,124.207
0.037,-0.262,0.728,-142.456,-32.410,114.014
0.005,-0.227,0.882,-150.208,-30.701,109.314
-0.032,-0.186,0.986,-158.081,-22.278,103.088
-0.103,-0.277,1.039,-160.583,-9.033,93.323
-0.102,-0.101,1.001,-161.194,5.615,91.125
-0.188,-0.011,0.954,-165.161,14.954,80.322
-0.343,0.091,1.000,-151.672,15.930,66.833
-0.516,0.226,1.157,-135.925,15.015,51.941
-0.683,0.528,1.453,-129.150,16.968,35.522
-0.830,1.072,1.765,-123.779,32.166,14.282
-0.971,1.909,2.116,-127.808,64.026,-21.179
-1.180,3.044,2.351,-120.972,116.089,-82.214
-1.534,3.999,2.582,-103.455,185.242,-177.795
-2.206,4.000,2.655,-103.577,265.625,-316.833
-3.408,4.000,2.597,-123.474,349.915,-498.047
-4.000,4.000,2.260,-139.282,438.416,-712.463
-4.000,4.000,1.238,-126.526,501.404,-943.970
-4.000,4.000,0.109,-78.857,507.446,-1132.324
-4.000,3.238,-0.426,-42.542,421.570,-1261.963
-4.000,2.481,-0.688,17.029,300.232,-1306.580
-4.000,1.353,-1.447,114.563,213.440,-1302.185
-4.000,-0.687,-2.177,187.256,151.672,-1313.049
-4.000,-3.060,-2.281,128.967,91.858,-1295.898
-4.000,-4.000,-1.127,57.373,1.221,-1199.158
-4.000,-4.000,0.234,27.771,-27.893,-1036.011
-4.000,-4.000,-0.136,64.880,57.068,-781.128
-3.999,-3.990,-2.279,126.099,169.067,-478.088
-3.277,-2.165,-2.735,154.053,143.921,-295.959
-2.685,-1.760,-1.980,145.935,44.250,-258.972
-2.319,-2.075,-1.645,123.291,-8.972,-251.953
-2.012,-2.454,-1.162,102.234,-47.119,-225.952
-1.729,-2.556,-0.482,90.820,-76.660,-181.396
-1.432,-2.280,-0.171,75.317,-72.815,-128.906
-1.196,-1.934,-0.117,55.054,-54.688,-85.388
-1.010,-1.704,0.002,40.955,-46.753,-57.007
-0.935,-1.539,0.136,40.466,-45.349,-40.161
-0.933,-1.419,0.222,48.584,-42.358,-29.602
-0.998,-1.384,0.205,51.331,-34.180,-24.719
-1.074,-1.462,0.050,48.340,-23.560,-21.667
-1.160,-1.547,-0.133,45.166,-17.517,-13.672
-1.261,-1.499,-0.205,45.227,-20.874,1.404
-1.324,-1.500,-0.266,44.617,-26.917,16.663
-1.362,-1.501,-0.293,47.607,-33.875,34.424
-1.396,-1.528,-0.128,49.561,-47.485,53.650
-1.372,-1.491,0.094,62.683,-57.678,76.172
-1.327,-1.341,0.179,73.669,-55.298,98.633
-1.253,-1.220,0.163,78.430,-47.302,114.319
-1.202,-1.175,0.199,74.646,-41.199,122.009
-1.134,-1.145,0.201,68.848,-36.072,128.723
-1.088,-1.222,0.059,65.979,-28.442,134.705
-1.061,-1.448,-0.065,63.477,-29.053,140.808
-1.073,-1.737,-0.101,58.105,-38.269,154.968
-1.124,-1.936,-0.077,54.321,-49.683,181.519
-1.198,-2.104,-0.044,56.335,-58.655,215.271
-1.275,-2.196,-0.004,60.913,-65.735,252.502
-1.378,-2.152,0.137,71.655,-71.716,294.373
-1.520,-1.929,0.279,91.614,-74.890,338.196
-1.471,-1.471,0.359,110.962,-68.726,379.333
-1.320,-1.248,0.210,112.610,-52.612,398.621
-1.327,-1.266,0.011,94.238,-40.039,401.794
-1.281,-1.320,-0.048,79.529,-41.992,406.250
-1.174,-1.403,-0.070,66.162,-46.448,414.124
-1.245,-1.557,-0.123,56.702,-48.218,423.645
-1.296,-1.621,0.006,50.354,-55.237,437.805
-1.294,-1.471,0.082,57.068,-55.847,465.210
-1.266,-1.233,0.126,60.608,-50.110,488.586
-1.229,-0.964,0.099,51.270,-38.696,501.099
-1.142,-0.709,0.026,44.250,-24.536,504.272
-0.977,-0.434,-0.102,45.227,-12.939,500.183
-0.753,-0.237,-0.294,49.316,-6.165,489.136
-0.558,-0.159,-0.445,44.373,-6.714,468.750
-0.343,-0.079,-0.513,43.884,-16.052,448.059
-0.261,-0.103,-0.422,54.260,-32.043,425.537
-0.147,-0.197,-0.243,69.092,-46.204,401.978
-0.069,-0.286,-0.067,78.674,-54.138,381.470
0.013,-0.292,0.031,73.547,-53.589,369.751
0.064,-0.321,-0.079,49.072,-40.955,358.337
0.081,-0.228,-0.311,29.175,-27.100,348.572
0.157,-0.044,-0.288,29.358,-32.837,342.651
0.253,0.253,-0.155,29.053,-41.931,338.745
0.330,0.499,-0.129,23.437,-36.316,327.332
0.390,0.605,-0.122,24.414,-28.381,301.086
0.471,0.678,-0.083,29.968,-25.269,272.766
0.514,0.646,-0.075,35.706,-18.677,244.568
0.493,0.485,-0.109,39.734,-10.803,214.050
0.483,0.444,-0.113,41.260,-5.310,193.237
0.494,0.668,-0.169,30.640,2.686,188.416
0.497,1.013,-0.463,15.686,17.395,181.274
0.506,1.258,-0.650,1.038,20.569,155.701
0.494,1.430,-0.579,-13.550,7.263,115.784
-0.715,-1.495,-0.370,-187.073,-46.631,111.938
-0.795,-1.485,-0.282,-196.960,-49.805,123.901
-0.705,-1.479,-0.146,-192.200,-55.786,137.939
-0.748,-1.611,0.040,-185.303,-57.373,148.071
-0.749,-1.668,0.134,-172.363,-49.438,164.856
-0.738,-1.693,0.140,-167.725,-37.964,184.082
-0.760,-1.646,0.096,-167.542,-26.978,203.735
-0.760,-1.552,0.115,-165.161,-20.996,221.924
-0.616,-1.392,0.146,-161.316,-16.418,238.770
-0.759,-1.199,0.060,-160.095,-9.583,248.962
-0.663,-1.078,0.054,-166.687,-6.531,253.296
-0.607,-0.905,-0.019,-166.138,-3.845,257.202
-0.546,-0.792,-0.134,-158.325,-0.061,252.686
-0.485,-0.744,-0.293,-152.771,-0.854,244.751
-0.421,-0.754,-0.348,-144.043,-12.695,235.962
-0.381,-0.785,-0.355,-130.737,-31.433,228.149
-0.337,-0.796,-0.329,-117.493,-49.988,224.609
-0.323,-0.797,-0.220,-104.614,-70.007,222.961
-0.309,-0.810,0.038,-91.431,-91.492,220.642
-0.296,-0.787,0.316,-75.684,-105.408,218.323
-0.283,-0.782,0.541,-64.331,-105.164,216.370
-0.344,-0.821,0.638,-63.049,-92.834,212.585
-0.231,-0.760,0.514,-96.375,-67.749,210.754
-0.177,-0.689,0.308,-151.489,-41.992,206.360
-0.071,-0.626,0.163,-187.561,-29.846,198.303
-0.115,-0.540,0.086,-186.768,-30.640,190.247
-0.056,-0.510,0.168,-168.457,-41.321,182.068
-0.093,-0.573,0.372,-166.321,-54.688,168.762
-0.096,-0.600,0.509,-164.368,-56.763,160.522
-0.091,-0.548,0.544,-177.307,-45.410,158.691
-0.104,-0.559,0.453,-198.303,-29.236,155.151
-0.127,-0.666,0.336,-195.129,-20.447,149.353
-0.141,-0.663,0.374,-213.440,-20.874,149.231
-0.175,-0.481,0.407,-219.543,-21.240,157.104
-0.264,-0.174,0.396,-192.627,-22.095,166.565
-0.339,0.145,0.461,-161.194,-27.466,167.175
-0.447,0.358,0.705,-134.827,-38.086,152.832
-0.657,0.575,1.114,-117.249,-46.082,130.493
-0.860,0.989,1.498,-132.385,-33.508,101.440
-1.023,1.677,2.030,-217.041,2.930,57.800
-1.119,2.520,2.646,-321.960,65.186,-9.216
-1.231,3.763,2.681,-329.346,158.447,-91.797
-1.732,4.000,2.126,-275.085,258.484,-207.458
-2.306,4.000,1.744,-236.328,319.458,-378.662
-3.385,4.000,1.219,-221.680,349.731,-569.458
-4.000,4.000,0.766,-200.623,363.647,-752.991
-4.000,4.000,-0.025,-160.278,355.164,-967.529
-4.000,4.000,-0.374,-93.811,286.316,-1209.839
-4.000,3.703,-1.007,-8.789,189.148,-1384.766
-4.000,1.729,-2.334,88.196,100.159,-1453.064
-4.000,-0.461,-3.022,183.960,-11.414,-1457.092
-4.000,-3.107,-2.544,136.047,-126.038,-1439.270
-4.000,-4.000,-1.195,25.635,-220.520,-1354.065
-4.000,-4.000,0.442,24.780,-269.531,-1158.630
-4.000,-4.000,0.875,133.789,-209.229,-853.271
-4.000,-4.000,-1.055,181.580,-57.190,-539.856
-3.628,-2.825,-1.195,157.043,-35.217,-372.498
-3.080,-2.490,0.056,139.404,-97.107,-318.115
-2.635,-2.242,0.035,130.310,-81.482,-272.034
-2.261,-2.327,-0.134,103.027,-51.514,-233.093
-1.986,-2.539,0.140,83.801,-56.885,-197.693
-1.714,-2.343,0.286,75.378,-54.749,-147.644
-1.450,-1.861,0.274,63.538,-41.565,-96.008
-1.238,-1.417,0.339,46.204,-36.011,-58.472
-1.064,-1.187,0.416,31.616,-36.987,-39.734
-1.024,-1.139,0.801,29.480,-42.603,-31.555
-1.012,-0.997,0.697,35.828,-41.504,-26.123
-1.060,-1.046,0.641,45.105,-32.593,-19.226
-1.115,-1.244,0.746,54.016,-33.203,-18.005
-1.162,-1.306,0.706,59.265,-24.658,-4.517
-1.198,-1.302,0.515,63.538,-10.803,13.733
-1.208,-1.262,0.396,71.045,-5.127,31.982
-1.208,-1.099,0.158,78.064,-1.587,53.589
-1.214,-0.965,-0.038,79.590,-5.798,70.801
-1.203,-0.872,-0.003,86.182,-24.353,83.435
-1.207,-0.821,0.052,90.149,-42.603,93.567
-1.203,-0.874,0.161,90.515,-57.007,100.159
-1.199,-1.016,0.322,94.421,-68.970,107.361
-1.209,-1.209,0.509,101.929,-78.308,119.568
-1.296,-1.480,0.708,104.431,-80.505,136.536
-1.250,-1.750,0.854,110.535,-75.806,162.476
-1.292,-1.957,0.768,126.831,-62.622,197.754
-1.348,-2.015,0.612,143.372,-54.626,240.601
-1.481,-1.824,0.533,174.194,-56.580,286.926
-1.494,-1.358,0.802,212.952,-67.139,331.665
-1.414,-0.759,0.779,235.779,-61.157,365.295
-1.259,-0.471,0.637,230.469,-46.143,370.605
-1.107,-0.614,0.431,208.984,-36.865,349.121
-1.076,-1.062,0.291,186.646,-35.950,323.364
-1.076,-1.515,0.285,171.021,-42.908,317.810
-1.125,-1.832,0.292,161.926,-48.218,336.609
-1.189,-1.998,0.374,155.762,-50.842,368.286
-1.265,-1.996,0.408,155.823,-49.927,406.311
-1.147,-1.869,0.343,148.865,-43.701,442.688
-1.536,-1.773,0.404,141.296,-39.063,470.337
-1.447,-1.078,0.356,153.137,-28.870,510.315
-1.219,-0.722,0.122,162.415,-12.817,525.635
-1.146,-0.709,-0.129,146.606,-2.991,507.690
-0.987,-0.512,-0.357,141.602,-3.540,501.465
-0.841,-0.325,-0.611,154.724,-11.353,495.667
-0.710,-0.269,-0.600,156.128,-31.067,476.990
-0.504,-0.208,-0.465,162.903,-52.917,459.351
-0.375,-0.211,-0.372,162.415,-63.171,440.857
-0.245,-0.211,-0.314,151.489,-63.049,421.265
-0.119,-0.272,-0.246,148.254,-61.890,400.635
-0.039,-0.451,-0.151,144.714,-59.204,381.958
0.044,-0.167,-0.116,121.582,-49.316,381.226
0.159,0.304,-0.272,98.450,-33.630,373.901
0.296,0.564,-0.500,62.744,-22.095,342.590
0.458,0.589,-0.685,18.433,-20.691,292.236
0.488,0.366,-0.761,8.423,-26.855,247.070
0.525,0.101,-0.469,14.832,-46.265,214.783
0.542,0.168,-0.185,39.307,-55.847,206.421
0.554,0.368,-0.008,52.795,-47.302,202.576
0.624,0.527,-0.023,48.462,-29.480,189.026
0.686,0.629,-0.262,42.236,-9.338,168.579
0.703,0.595,-0.413,39.063,-2.563,142.212
0.695,0.483,-0.378,32.654,-8.423,115.479
0.689,0.439,-0.313,15.503,-11.719,96.191